   Compiling emerge_skia v0.4.0 (/workspace/animation-commits-recovery-20260915-170758/review/native/emerge_skia)
    Finished `test` profile [unoptimized + debuginfo] target(s) in 7.99s
     Running unittests src/lib.rs (/workspace/emerge-animation/native/emerge_skia/target/debug/deps/emerge_skia-fd4f0b51952a2096)

running 1450 tests
test backend::headless::binary::tests::autonomous_retry_delay_caps_without_busy_spinning_and_resets_after_success ... ok
test backend::headless::offscreen_gl::tests::prime_export_uses_interoperable_linear_render_buffers ... ok
test backend::headless::offscreen_gl::tests::prime_export_rejects_non_linear_buffer_modifiers ... ok
test backend::headless::output::tests::packs_width_nine_for_both_bw1_polarities ... ok
test backend::headless::output::tests::rejects_malformed_sources_outputs_policies_and_bit_depths ... ok
test backend::headless::output::tests::packs_gray2_rows_independently_in_canonical_order ... ok
test backend::headless::offscreen_gl::tests::deferred_cleanup_retries_without_losing_failed_values ... ok
test backend::headless::offscreen_gl::tests::explicit_sync_failure_policy_downgrades_only_recoverable_errors ... ok
test backend::headless::output::tests::gray2_atkinson_is_deterministic_and_changes_midtones ... ok
test backend::headless::output::tests::atkinson_does_not_cross_protected_pixels ... ok
test backend::headless::output::tests::composites_premultiplied_rgba_over_white ... ok
test backend::headless::output::tests::gray2_uses_nearest_level_boundaries ... ok
test backend::headless::tests::convert_frame_converts_gray8 ... ok
test backend::headless::output::tests::packs_each_bw1_row_independently_and_zeros_tail_bits ... ok
test backend::headless::offscreen_gl::tests::terminal_shutdown_waits_for_every_in_flight_lease ... ok
test backend::headless::offscreen_gl::tests::prime_export_uses_top_left_video_orientation ... ok
test backend::headless::binary::tests::superseded_failed_scene_drops_synchronously_and_success_leaves_no_retry_history ... ok
test backend::headless::offscreen_gl::tests::slot_acquire_fence_closes_exactly_once_before_reuse ... ok
test backend::headless::tests::target_fps_deadlines_do_not_accumulate_render_time ... ok
test backend::headless::binary::tests::stop_and_disconnect_release_pending_frames_without_waiting_for_retry ... ok
test backend::present::tests::estimator_accepts_only_plausible_intervals ... ok
test backend::present::tests::present_prediction_updates_from_observed_present_times ... ok
test backend::headless::tests::raster_fallback_disables_cache_without_explicit_opt_in ... ok
test backend::headless::tests::renderer_redraw_wake_does_not_feed_back_into_the_tree_actor ... ok
test backend::wayland::geometry::tests::surface_to_buffer_position_scales_fractional_factor ... ok
test backend::wayland::geometry::tests::surface_to_buffer_position_scales_integer_factor ... ok
test backend::present::tests::present_prediction_rejects_implausible_present_times ... ok
test backend::raster::tests::gray8_surface_returns_one_byte_per_pixel ... ok
test backend::wayland::input::tests::pointer_button_name_matches_legacy_labels ... ok
test backend::wayland::input::tests::pointer_scroll_event_prefers_discrete_steps ... ok
test backend::wayland::input::tests::pointer_scroll_event_uses_absolute_deltas_when_discrete_missing ... ok
test backend::wayland::keyboard::tests::key_from_keysym_maps_keypad_symbols_to_canonical_keys ... ok
test backend::wayland::keyboard::tests::key_from_keysym_matches_expected_named_keys ... ok
test backend::wayland::keyboard::tests::key_from_keysym_normalizes_printable_characters ... ok
test backend::wayland::keyboard::tests::key_from_keysym_normalizes_shifted_symbols_to_logical_keys ... ok
test backend::wayland::keyboard::tests::mods_from_sctk_maps_supported_modifier_bits ... ok
test backend::wayland::keyboard::tests::normalize_commit_text_filters_control_characters ... ok
test backend::wayland::present::tests::allows_one_patch_late_replacement_when_swap_is_nonblocking ... ok
test backend::wayland::present::tests::completed_video_cleanup_cancels_only_its_follow_up_draw ... ok
test backend::wayland::present::tests::frame_callbacks_prefer_compositor_timestamp_over_arrival_jitter ... ok
test backend::wayland::present::tests::frame_callbacks_update_reasonable_display_interval ... ok
test backend::wayland::present::tests::idle_skip_discards_stale_frame_callback_timing ... ok
test backend::wayland::geometry::tests::surface_to_buffer_delta_uses_actual_buffer_ratio_for_fractional_size ... ok
test backend::wayland::present::tests::idle_skip_discards_stale_interval_anchor_but_keeps_estimate ... ok
test backend::wayland::present::tests::ignores_animation_only_scene_updates ... ok
test backend::wayland::present::tests::normal_draw_requests_after_callback_even_when_replacement_was_used ... ok
test backend::wayland::present::tests::pending_frame_waits_when_no_new_patch_scene_arrived ... ok
test backend::wayland::present::tests::skips_late_replacement_for_animation_active_patch_scene ... ok
test backend::wayland::present::tests::skips_late_replacement_when_swap_may_block ... ok
test backend::wayland::present::tests::unsubmitted_present_retries_without_waiting_for_an_orphaned_callback ... ok
test backend::wayland::present::tests::video_wake_gets_one_late_replacement_after_scene_replacement ... ok
test backend::wayland::present::tests::video_wake_late_replaces_without_a_new_scene ... ok
test backend::wayland::present::tests::video_wake_waits_for_callback_when_swap_may_block ... ok
test backend::wayland::renderer_env::tests::late_replacement_remains_gl_only ... ok
test backend::headless::tests::disabling_animation_cancels_the_target_fps_deadline ... ok
test backend::headless::tests::prime_release_resumes_pending_animation_at_target_cadence ... ok
test backend::wayland::geometry::tests::surface_to_buffer_position_uses_actual_buffer_ratio_for_rounded_fractional_size ... ok
test backend::wayland::renderer_env::tests::renderer_api_dispatch_keeps_opengl_and_feature_gates_vulkan ... ok
test backend::wayland::renderer_env::tests::vulkan_requests_a_frame_callback_only_after_nonblocking_acquisition ... ok
test backend::wayland::runtime::tests::renderer_slow_frame_profiles_are_sampled_once_per_interval ... ok
test backend::wayland::runtime::tests::same_size_first_configure_still_requires_surface_reconfigure_when_env_missing ... ok
test backend::wayland::runtime::tests::key_text_commit_event_blocks_repeat_while_preedit_is_active ... ok
test backend::wayland::runtime::tests::draw_requires_gpu_env_before_present_state_starts_frame ... ok
test backend::wayland::runtime::tests::wayland_animation_pulse_send_does_not_block_when_tree_channel_is_full ... ok
test backend::wayland::runtime::tests::gpu_renderers_wait_for_real_initialization_before_startup_ack ... ok
test backend::wayland::runtime::tests::wayland_output_refresh_rate_uses_millihertz ... ok
test backend::wayland::runtime::tests::wayland_fps_counts_normal_display_frames_not_late_replacements ... ok
test backend::wayland::runtime::tests::wayland_event_send_does_not_block_when_event_channel_is_full ... ok
test backend::wayland::runtime::tests::wayland_video_import_states_map_to_expected_sync_actions ... ok
test backend::wayland::text_input::tests::preedit_cursor_to_char_range_converts_byte_indices ... ok
test backend::wayland::text_input::tests::surrounding_text_offsets_use_utf8_byte_indices ... ok
test clipboard::tests::empty_fallback_returns_none ... ok
test clipboard::tests::fallback_clipboard_roundtrip_when_system_disabled ... ok
test clipboard::tests::system_clipboard_does_not_handle_primary_selection ... ok
test backend::wayland::runtime::tests::key_text_commit_event_allows_repeat_when_protocol_text_is_active ... ok
test backend::wayland::runtime::tests::key_text_commit_event_keeps_non_protocol_repeat_behavior ... ok
test clipboard::tests::fallback_primary_roundtrip_when_system_disabled ... ok
test events::registry_builder::tests::backspace_listener_emits_no_actions_when_cursor_at_start_without_selection ... ok
test events::registry_builder::tests::compose_combined_registry_click_release_followup_redispatches_base_release ... ok
test events::registry_builder::tests::compose_combined_registry_drag_active_scroll_move_ignores_off_axis_delta_after_lock ... ok
test backend::wayland::runtime::tests::key_text_commit_event_suppresses_press_when_protocol_text_is_active ... ok
test events::registry_builder::tests::compose_combined_registry_drag_candidate_threshold_keeps_swipe_edge_behavior ... ok
test events::registry_builder::tests::compose_combined_registry_drag_candidate_threshold_prefers_horizontal_swipe_over_vertical_parent_scroll ... ok
test events::registry_builder::tests::compose_combined_registry_drag_active_biaxial_scroll_move_emits_both_axes ... ok
test events::registry_builder::tests::cached_registry_rebuild_dirty_child_ignores_stale_affects_flag ... ok
test events::registry_builder::tests::compose_combined_registry_drag_candidate_threshold_prefers_vertical_parent_scroll_over_horizontal_swipe ... ok
test events::registry_builder::tests::compose_combined_registry_drag_candidate_threshold_promotes_biaxial_at_blocked_edge ... ok
test events::registry_builder::tests::compose_combined_registry_drag_candidate_threshold_promotes_biaxial_scroll ... ok
test events::registry_builder::tests::compose_combined_registry_drag_active_release_precedes_and_suppresses_click_followup ... ok
test events::registry_builder::tests::compose_combined_registry_drag_candidate_threshold_promotes_drag_when_scroll_matches ... ok
test events::registry_builder::tests::compose_combined_registry_drag_candidate_threshold_without_scroll_match_clears_drag_only ... ok
test events::registry_builder::tests::compose_combined_registry_drops_click_followup_when_source_listener_missing ... ok
test events::registry_builder::tests::compose_combined_registry_drag_scroll_uses_rotated_local_axis ... ok
test events::registry_builder::tests::compose_combined_registry_drag_candidate_threshold_starts_swipe_when_enabled ... ok
test events::registry_builder::tests::compose_combined_registry_swipe_release_ignores_short_locked_axis_displacement ... ok
test events::registry_builder::tests::compose_combined_registry_swipe_release_emits_direction_and_base_mouse_up ... ok
test events::registry_builder::tests::compose_combined_registry_on_press_release_includes_base_mouse_down_clear ... ok
test events::registry_builder::tests::key_backspace_and_delete_matchers_match_expected_keys_only ... ok
test events::registry_builder::tests::compose_combined_registry_swipe_release_uses_locked_axis_even_with_large_off_axis_delta ... ok
test events::registry_builder::tests::key_enter_press_matcher_blocks_ctrl_alt_meta_and_allows_shift ... ok
test events::registry_builder::tests::key_x_and_v_matchers_require_ctrl_or_meta ... ok
test events::registry_builder::tests::listener_compute_scroll_builds_tree_message_from_directional_input ... ok
test events::registry_builder::tests::listeners_for_element_active_hover_keeps_inside_listener_for_default_cursor ... ok
test events::registry_builder::tests::key_press_release_followup_redispatches_key_up_before_key_press ... ok
test events::registry_builder::tests::listeners_for_element_adds_key_scroll_listeners_from_scroll_position ... ok
test events::registry_builder::tests::compose_combined_registry_drag_active_scroll_move_emits_scroll_and_updates_pointer ... ok
test events::registry_builder::tests::listeners_for_element_builds_inside_listener_when_hover_inactive ... ok
test events::registry_builder::tests::listeners_for_element_builds_primary_pointer_listeners ... ok
test events::registry_builder::tests::listeners_for_element_builds_leave_listener_when_hover_active ... ok
test events::registry_builder::tests::listeners_for_element_event_only_hover_tracks_active_for_leave ... ok
test events::registry_builder::tests::listeners_for_element_event_only_leave_emits_event_and_clears_hover_active ... ok
test events::registry_builder::tests::listeners_for_element_focused_key_bindings_emit_key_events ... ok
test events::registry_builder::tests::listeners_for_element_focused_slider_keys_update_value ... ok
test events::registry_builder::tests::listeners_for_element_hover_style_without_mouse_move_still_activates_inside ... ok
test events::registry_builder::tests::listeners_for_element_key_down_and_key_press_share_one_slot ... ok
test events::registry_builder::tests::listeners_for_element_merges_mouse_down_event_and_style_into_single_press_listener ... ok
test events::registry_builder::tests::compose_combined_registry_drag_candidate_threshold_waits_for_clear_axis_intent ... ok
test events::registry_builder::tests::listeners_for_element_merges_press_slot_actions_in_builder_order ... ok
test events::registry_builder::tests::listeners_for_element_mouse_down_style_active_adds_release_and_leave_clear ... ok
test events::registry_builder::tests::listeners_for_element_mouse_down_style_inactive_adds_press_activate ... ok
test events::registry_builder::tests::listeners_for_element_on_click_starts_click_and_drag_trackers ... ok
test events::registry_builder::tests::listeners_for_element_on_press_not_focused_omits_key_enter_listener ... ok
test events::registry_builder::tests::listeners_for_element_on_swipe_starts_drag_tracker_without_click_press_tracker ... ok
test events::registry_builder::tests::listeners_for_element_omits_blocked_scroll_directions ... ok
test events::registry_builder::tests::listeners_for_element_on_press_starts_pointer_press_and_drag_trackers ... ok
test events::registry_builder::tests::cached_registry_rebuild_handles_escape_nearby_mounts_without_global_fallback ... ok
test events::registry_builder::tests::listeners_for_element_returns_empty_for_invisible_nodes ... ok
test events::registry_builder::tests::listeners_for_element_scrollable_adds_cursor_scroll_listener ... ok
test events::registry_builder::tests::listeners_for_element_on_press_focused_adds_key_enter_listener ... ok
test events::registry_builder::tests::listeners_for_element_scrollbar_press_slots_start_drag_runtime ... ok
test events::registry_builder::tests::listeners_for_element_returns_empty_when_interaction_missing ... ok
test events::registry_builder::tests::listeners_for_element_scrollbar_hover_uses_move_and_active_leave_only ... ok
test events::registry_builder::tests::listeners_for_element_slider_user_key_binding_precedes_builtin_key ... ok
test events::registry_builder::tests::listeners_for_element_slider_press_sets_value_and_starts_drag ... ok
test events::registry_builder::tests::listeners_for_element_unfocused_key_bindings_are_omitted ... ok
test events::registry_builder::tests::listeners_for_element_virtual_key_starts_tracker_and_never_focuses ... ok
test events::registry_builder::tests::listeners_for_focusable_pointer_press_emits_focus_to ... ok
test events::registry_builder::tests::listeners_for_focused_text_input_enter_key_down_arms_text_commit_suppression ... ok
test events::registry_builder::tests::listeners_for_scrollable_element_start_drag_tracker_without_click_handlers ... ok
test events::registry_builder::tests::listeners_for_focused_text_input_add_text_edit_slots ... ok
test events::registry_builder::tests::listeners_for_focused_text_input_without_on_change_emits_no_change_event ... ok
test events::registry_builder::tests::listeners_for_unfocused_text_input_omit_text_edit_slots ... ok
test events::registry_builder::tests::matcher_kind_uses_variant_identity_only ... ok
test events::registry_builder::tests::middle_press_inside_matcher_requires_middle_press_inside_rect ... ok
test events::registry_builder::tests::pointer_matchers_respect_clipped_rounded_interaction ... ok
test events::registry_builder::tests::rebuild_payload_focus_on_mount_ignores_existing_node_when_attr_is_added_later ... ok
test events::registry_builder::tests::rebuild_payload_focus_on_mount_prefers_newly_mounted_target ... ok
test events::registry_builder::tests::registry_for_elements_adds_concrete_tab_focus_transitions ... ok
test events::registry_builder::tests::rebuild_payload_focus_on_mount_keeps_first_candidate_in_same_revision ... ok
test events::registry_builder::tests::registry_for_elements_clip_nearby_clips_escape_overlay_interaction ... ok
test events::registry_builder::tests::registry_for_elements_ancestor_in_front_beats_descendant_below ... ok
test events::registry_builder::tests::registry_for_elements_culls_offscreen_virtual_key_subtree ... ok
test events::registry_builder::tests::registry_for_elements_earlier_child_escape_beats_later_normal_sibling ... ok
test events::registry_builder::tests::registry_for_elements_focus_order_follows_paint_order_with_escape_overlay ... ok
test events::registry_builder::tests::registry_for_elements_front_nearby_blocker_suppresses_underlying_mouse_down ... ok
test events::registry_builder::tests::registry_for_elements_front_nearby_blocker_suppresses_underlying_mouse_move ... ok
test events::registry_builder::tests::registry_for_elements_in_front_descendant_blocker_does_not_beat_overlay_hover_listener ... ok
test events::registry_builder::tests::registry_for_elements_keeps_mouse_up_targeted_and_mouse_down_clear_anywhere ... ok
test events::registry_builder::tests::registry_for_elements_front_nearby_real_move_listener_precedes_root_blocker ... ok
test events::registry_builder::tests::registry_for_elements_front_nearby_real_listener_precedes_blocker ... ok
test events::registry_builder::tests::registry_for_elements_nested_child_scroll_listener_precedes_parent ... ok
test events::registry_builder::tests::registry_for_elements_in_front_overlay_matches_right_of_initial_position ... ok
test events::registry_builder::tests::registry_for_elements_nested_overlay_wrapper_does_not_beat_target_hover_listener ... ok
test events::registry_builder::tests::registry_for_elements_rotated_hover_uses_visual_rotation ... ok
test events::registry_builder::tests::registry_for_elements_nested_scrolled_child_hover_uses_screen_space_position ... ok
test events::registry_builder::tests::registry_for_elements_scrolled_child_scrollbar_hover_uses_screen_space_thumb_rect ... ok
test events::registry_builder::tests::registry_for_elements_translated_hover_uses_visual_position ... ok
test events::registry_builder::tests::registry_for_elements_with_focused_node_adds_window_blur_focus_clear_listener ... ok
test events::registry_builder::tests::registry_for_elements_without_focused_node_omits_window_blur_focus_clear_listener ... ok
test events::registry_builder::tests::registry_for_elements_without_focus_adds_global_tab_fallbacks ... ok
test events::registry_builder::tests::registry_for_elements_transformed_scrollbar_hover_uses_visual_thumb_rect ... ok
test events::registry_builder::tests::cached_deep_child_registry_rebuild_skips_descendant_walk ... ok
test events::registry_builder::tests::runtime_listeners_for_overlay_scrollbar_drag_emit_move_and_clear_followups ... ok
test events::registry_builder::tests::runtime_listeners_for_overlay_drops_text_drag_followups_when_source_listener_missing ... ok
test events::registry_builder::tests::runtime_listeners_for_overlay_virtual_key_release_dispatches_synthetic_input ... ok
test events::registry_builder::tests::runtime_listeners_for_overlay_orders_runtime_followups_before_release_followup ... ok
test events::registry_builder::tests::runtime_scroll_splitter_redispatches_both_components ... ok
test events::registry_builder::tests::scrollbar_thumb_press_precedes_generic_left_press_listener ... ok
test events::registry_builder::tests::tab_matchers_enforce_expected_modifier_behavior ... ok
test events::registry_builder::tests::text_commit_matcher_blocks_ctrl_or_meta_and_accepts_plain_commit ... ok
test events::registry_builder::tests::window_focus_and_blur_matchers_match_focus_events ... ok
test events::registry_builder::tests::window_listeners_emit_resize_tree_message ... ok
test events::runtime::tests::apply_focus_to_blur_accepts_conflicting_patch_content ... ok
test assets::tests::pending_frame_facts_and_status_generation_do_not_observe_late_readiness ... ok
test assets::tests::frozen_frame_lookups_do_not_resurrect_sources_after_epoch_reset ... ok
test events::runtime::tests::apply_focus_to_switches_focus_and_emits_reveal_scrolls ... ok
test events::runtime::tests::coalesce_registry_updates_keeps_latest_consecutive_rebuild ... ok
test assets::tests::paint_only_background_edits_and_interaction_sources_refresh_the_frame_source_list ... ok
test events::runtime::tests::apply_focus_to_blur_reconciles_matching_patch_content_to_runtime_value ... ok
test events::runtime::tests::coalesce_registry_updates_stops_at_non_registry_message ... ok
test events::registry_builder::tests::animated_in_front_overlay_matches_points_right_of_initial_position_after_growth ... ok
test events::runtime::tests::delayed::event_registry_draining_is_bounded_and_stop_does_not_wait_for_a_receipt ... ok
test events::registry_builder::tests::listeners_for_text_input_with_interaction_add_middle_paste_primary_listener ... ok
test events::registry_builder::tests::native_listener_mount_index_is_sparse_shared_and_released ... ok
test backend::headless::binary::tests::failed_terminal_binary_frame_recovers_without_another_tree_message ... ok
test events::registry_builder::tests::sampled_hit_case_render_rebuild_registry_matches_expected_winners ... ok
test events::registry_builder::tests::listeners_for_text_input_left_press_sets_cursor_and_starts_text_drag ... ok
test events::registry_builder::tests::render_event_rebuild_matches_points_right_of_initial_position_after_growth ... ok
test events::runtime::tests::delayed::mount_focus_metadata_is_shared_and_released_with_its_native_owners ... ok
test events::runtime::tests::delayed::cached_registry_acknowledges_noop_requests_without_constructing_a_scene ... ok
test events::runtime::tests::delayed::outbound::due_virtual_key_timer_and_stop_remain_selectable_while_output_is_full ... ok
test events::runtime::tests::delayed::deferred_mount_focus_survives_a_causal_wait_but_not_remount_or_removal ... ok
test events::registry_builder::tests::sampled_hit_case_layout_registry_matches_expected_winners ... ok
test events::registry_builder::tests::registry_hit_testing_keeps_root_rotated_nearby_reachable ... ok
test events::registry_builder::tests::runtime_listeners_for_overlay_text_drag_adds_move_and_clear_followups ... ok
test events::runtime::tests::delayed::outbound::queued_packet_receipt_cannot_be_acknowledged_before_delivery ... ok
test backend::headless::tests::animation::queued_old_mount_edit_matches_actor_and_headless_after_replacement ... ok
test events::runtime::tests::delayed::outbound::full_outbound_tree_channel_does_not_prevent_event_actor_stop ... ok
test events::runtime::tests::delayed::event_coalescing_rebinds_pending_mount_focus_only_to_the_same_eligible_mount ... ok
test events::runtime::tests::delayed::outbound::real_actor_sends_a_nonstaling_outbox_fifo_without_overtaking_or_replaying_raw_input ... ok
test events::runtime::tests::delayed::outbound::real_outbound_recovery_preserves_input_order_and_rejects_old_mount_packets ... ok
test events::runtime::tests::delayed::pointer::inflight::focused_listenerless_nodes_still_provide_blur_target_evidence ... ok
test backend::headless::binary::tests::recovered_animated_frame_resumes_native_pulses_without_restarting_its_scene ... ok
test events::runtime::tests::delayed::pointer::buffered_text_selection_uses_current_transform_and_preserves_release_order ... ok
test events::runtime::tests::delayed::pointer::inflight::malformed_or_missing_event_evidence_fails_closed_and_stop_remains_control ... ok
test events::registry_builder::tests::registry_hit_testing_uses_layout_rotate_inverse_geometry ... ok
test events::registry_builder::tests::slider_pointer_value_uses_layout_rotated_render_frame_geometry ... ok
test events::runtime::tests::delayed::pointer::inflight::real_event_actor_commands_queued_before_replacement_are_rejected_on_delivery ... ok
test events::runtime::tests::delayed::pointer::buffered_release_cannot_click_a_replacement_with_the_same_numeric_id ... ok
test events::runtime::tests::delayed::pointer::inflight::queued_slider_value_cannot_overwrite_a_replacement ... ok
test events::runtime::tests::delayed::outbound::stop_and_both_peer_disconnections_drop_pending_packets_and_input_synchronously ... ok
test events::runtime::tests::delayed::stalled::adjacent_coalescing_preserves_key_composition_button_and_resize_boundaries ... ok
test events::runtime::tests::delayed::pointer::inflight::same_mount_commands_still_apply_after_unrelated_revision_changes ... ok
test events::runtime::tests::delayed::stalled::replay_tail_join_coalesces_only_the_boundary_and_preserves_existing_order ... ok
test events::runtime::tests::delayed::stalled::stalled_enqueue_only_visits_the_new_record_not_the_retained_history ... ok
test events::runtime::tests::delayed::pointer::inflight::one_stale_target_rejects_the_whole_event_operation_but_not_controls ... ok
test events::runtime::tests::delayed::pointer::same_mount_release_hit_testing_uses_the_accepted_animated_geometry ... ok
test assets::tests::revalidation_reuses_unchanged_parses_and_publishes_changed_or_deleted_sources ... ok
test events::runtime::tests::delayed::pointer::slider_drag_and_pending_value_belong_to_the_original_mount ... ok
test events::runtime::tests::delayed::pointer::scroll_capture_and_thumb_capture_do_not_survive_remount_but_same_mount_release_settles ... ok
test events::runtime::tests::delayed::yielding::fresh_cursor_drain_stops_at_the_actor_quantum_without_consuming_stop ... ok
test events::runtime::tests::delayed::pointer::stationary_hover_recovers_current_geometry_without_replaying_obsolete_crossings ... ok
test events::runtime::tests::delayed::pointer::real_event_actor_drops_remounted_click_capture_but_preserves_same_mount_release ... ok
test events::runtime::tests::delayed::pointer::stationary_hover_enters_a_new_mount_instead_of_inheriting_the_old_hover_stack ... ok
test assets::tests::configuration_epoch_rejects_late_registration_and_completion ... ok
test events::runtime::tests::direct_runtime_backspace_updates_content ... ok
test events::runtime::tests::direct_runtime_batches_multiple_tree_messages_from_single_scroll_dispatch ... ok
test assets::tests::parsed_completion_after_scene_removal_is_cached_without_resurrecting_source ... ok
test events::runtime::tests::direct_runtime_child_and_parent_hover_activate_together ... ok
test events::runtime::tests::direct_runtime_clear_drag_tracker_starts_inertia_from_sampled_velocity ... ok
test events::runtime::tests::direct_runtime_cursor_revalidate_updates_icon_without_synthetic_mouse_move ... ok
test events::runtime::tests::direct_runtime_child_hover_does_not_trigger_parent_mouse_leave ... ok
test events::runtime::tests::direct_runtime_dispatches_concrete_tab_focus_transition ... ok
test events::runtime::tests::direct_runtime_delete_surrounding_updates_content ... ok
test events::runtime::tests::direct_runtime_dispatches_mouse_down_style_activation ... ok
test events::runtime::tests::direct_runtime_elixir_only_mouse_move_stays_fresh_without_rebuild ... ok
test events::runtime::tests::direct_runtime_drag_scroll_propagates_to_parent_when_child_direction_blocked ... ok
test events::runtime::tests::delayed::yielding::feedback_error_or_stop_does_not_drain_undelivered_runtime_work ... ok
test events::runtime::tests::direct_runtime_focused_text_commit_survives_followup_rebuild ... ok
test events::runtime::tests::direct_runtime_high_velocity_samples_accumulate_to_exact_edges ... ok
test events::runtime::tests::direct_runtime_hover_handoff_keeps_parent_active_when_entering_child ... ok
test events::runtime::tests::direct_runtime_high_frequency_drag_accumulates_velocity_samples ... ok
test events::runtime::tests::delayed::yielding::composition_and_new_input_stay_ordered_across_successive_yield_receipts ... ok
test events::runtime::tests::delayed::pointer::inflight::queued_text_and_selection_commands_cannot_modify_a_replacement ... ok
test events::runtime::tests::direct_runtime_hover_leave_clears_hover_state_without_rebuild ... ok
test assets::tests::stale_result_cannot_complete_a_new_request_for_the_same_source ... ok
test events::runtime::tests::direct_runtime_hover_rebuild_with_inactive_event_target_does_not_duplicate_enter ... ok
test events::runtime::tests::direct_runtime_key_down_binding_suppresses_buffered_text_commit ... ok
test events::runtime::tests::direct_runtime_mouse_event_with_mouse_down_style_requests_rebuild ... ok
test events::runtime::tests::direct_runtime_hover_without_press_does_not_scroll ... ok
test events::runtime::tests::direct_runtime_multiline_enter_inserts_newline ... ok
test events::runtime::tests::direct_runtime_multiline_key_down_binding_suppresses_enter_default ... ok
test events::runtime::tests::direct_runtime_nested_drag_scroll_prefers_child_over_parent ... ok
test events::runtime::tests::direct_runtime_multiline_enter_suppresses_following_text_commit_newline ... ok
test events::runtime::tests::direct_runtime_on_press_without_scroll_match_stays_press_only_until_release ... ok
test events::runtime::tests::direct_runtime_on_press_inside_release_clears_mouse_down_style ... ok
test events::runtime::tests::direct_runtime_pointer_press_and_blur_leave_cancel_inertia ... ok
test events::runtime::tests::direct_runtime_parent_hover_activates_through_mouse_move_child ... ok
test assets::tests::concurrent_loaders_share_font_discovery_and_parsing ... ok
test events::runtime::tests::direct_runtime_present_timing_steps_inertia_with_adaptive_decay ... ok
test events::runtime::tests::direct_runtime_registry_rebuild_replays_static_cursor_into_new_hover_target ... ok
test events::runtime::tests::direct_runtime_registry_rebuild_keeps_hovered_cursor_fresh_when_move_is_synthetic ... ok
test events::runtime::tests::direct_runtime_registry_rebuild_skips_cursor_replay_when_pointer_left_window ... ok
test events::runtime::tests::direct_runtime_reconciled_text_runtime_update_does_not_stale_listener_lane ... ok
test events::runtime::tests::direct_runtime_registry_rebuild_replays_static_cursor_out_of_old_hover_target ... ok
test assets::tests::replacing_source_status_releases_unreferenced_active_records ... ok
test events::runtime::tests::direct_runtime_registry_rebuild_suppresses_synthetic_mouse_move ... ok
test events::runtime::tests::direct_runtime_release_then_move_does_not_start_drag_scroll ... ok
test events::runtime::tests::direct_runtime_replays_final_touch_motion_before_starting_release_inertia ... ok
test events::runtime::tests::direct_runtime_scrollable_only_element_drag_scrolls_after_threshold ... ok
test events::runtime::tests::direct_runtime_rotated_drag_scroll_uses_local_scroll_axis ... ok
test events::runtime::tests::delayed::stalled::finite_burst_charges_distinguish_coalescing_from_lossless_payload_retention ... ok
test events::runtime::tests::direct_runtime_sends_cursor_icons_to_backend_transport_once_per_change ... ok
test assets::tests::parsed_lru_and_estimated_budget_evict_without_duplicate_charges ... ok
test events::runtime::tests::direct_runtime_text_input_command_cut_updates_clipboard_and_content ... ok
test events::runtime::tests::direct_runtime_text_input_command_paste_updates_content ... ok
test events::runtime::tests::direct_runtime_text_input_edit_deletes_word_backward ... ok
test events::runtime::tests::direct_runtime_text_input_edit_moves_to_document_end_with_selection ... ok
test events::runtime::tests::delayed::yielding::one_registry_replay_yields_before_consuming_an_entire_nonstaling_burst ... ok
test events::runtime::tests::direct_runtime_text_input_edit_moves_by_word ... ok
test events::runtime::tests::direct_runtime_text_commit_updates_content ... ok
test events::runtime::tests::direct_runtime_single_line_enter_binding_suppresses_buffered_text_commit_after_reset ... ok
test events::runtime::tests::direct_runtime_text_input_command_select_all_updates_selection ... ok
test events::runtime::tests::direct_runtime_two_axis_element_drag_scrolls_both_axes_after_threshold ... ok
test events::runtime::tests::direct_runtime_two_axis_drag_at_blocked_edge_scrolls_after_reversing ... ok
test events::runtime::tests::direct_runtime_unhovered_scrollable_elsewhere_does_not_mask_menu_hover_leave ... ok
test events::runtime::tests::direct_runtime_watchdog_timer_steps_inertia_without_present_timing ... ok
test events::runtime::tests::direct_runtime_virtual_key_release_clears_mouse_down_style ... ok
test assets::tests::hydration_is_deduplicated_and_invalidates_pre_eviction_layer_fingerprints ... ok
test events::runtime::tests::direct_runtime_updates_cursor_icon_for_text_pressable_mouse_down_and_fallback ... ok
test events::runtime::tests::delayed::pointer::text_drag_does_not_transfer_to_a_replacement_during_a_causal_wait ... ok
test events::runtime::tests::direct_runtime_animated_in_front_overlay_activates_hover_right_of_initial_position ... ok
test events::runtime::tests::direct_runtime_virtual_key_release_commits_text_to_focused_input ... ok
test events::runtime::tests::drain_fresh_input_events_coalesces_cursor_bursts_and_preserves_next_message ... ok
test events::runtime::tests::event_runtime_driver_handles_timers_present_timing_and_stop ... ok
test events::runtime::tests::direct_runtime_virtual_key_repeat_stops_after_slide_off_until_repress ... ok
test events::runtime::tests::event_runtime_driver_reuses_actor_input_coalescing ... ok
test events::runtime::tests::direct_runtime_virtual_key_text_and_key_respects_key_down_suppression ... ok
test events::runtime::tests::direct_runtime_wheel_scroll_propagates_to_parent_when_child_direction_blocked ... ok
test events::runtime::tests::focused_tree_patch_matching_pending_value_preserves_runtime_content ... ok
test events::runtime::tests::focused_tree_patch_accept_does_not_echo_forever_on_stale_rebuild ... ok
test events::runtime::tests::focused_tree_patch_non_pending_value_is_accepted ... ok
test events::runtime::tests::host_runtime_present_timing_steps_inertia_with_adaptive_decay ... ok
test events::runtime::tests::delayed::yielding::pointer_release_after_a_yield_preserves_selection_or_cancels_on_remount ... ok
test events::runtime::tests::install_rebuild_applies_focus_on_mount_once_for_new_target ... ok
test events::runtime::tests::install_rebuild_focus_on_mount_steals_existing_focus ... ok
test events::runtime::tests::host_runtime_sends_cursor_icons_to_backend_transport ... ok
test events::runtime::tests::install_rebuild_reconciles_text_sessions_and_registry ... ok
test events::runtime::tests::listener_lane_keeps_final_touch_motion_before_release ... ok
test events::runtime::tests::listener_lane_state_buffers_and_releases_coalesced_inputs ... ok
test events::runtime::tests::slider_tree_patch_non_pending_value_is_accepted ... ok
test events::runtime::tests::listener_lane_state_coalesces_resize_events_to_latest ... ok
test events::runtime::tests::pending_text_patch_ttl_defaults_and_tracks_present_timing ... ok
test events::tests::appkit_ranges_account_for_marked_text_and_utf16_offsets ... ok
test events::tests::appkit_replacement_range_maps_marked_text_back_to_committed_selection ... ok
test events::runtime::tests::focused_tree_patch_accepts_value_after_pending_expiration ... ok
test events::runtime::tests::delayed::pointer::inflight::deferred_event_mutations_do_not_cross_remount_in_either_tree_batch_order ... ok
test events::tests::cursor_icon_state_applies_requests_only_while_inside ... ok
test events::runtime::tests::delayed::real_event_actor_waits_for_its_own_response_and_can_stop_with_buffered_input ... ok
test events::runtime::tests::slider_tree_patch_matching_current_value_does_not_echo_back_to_tree ... ok
test events::runtime::tests::slider_tree_patch_matching_pending_value_preserves_runtime_value ... ok
test events::runtime::tests::unfocused_rebuild_clears_pending_text_patches ... ok
test events::tests::cursor_icon_state_resets_on_enter_and_leave_without_forgetting_request ... ok
test input::tests::keyboard_helpers_pack_modifiers_and_filter_text ... ok
test input::tests::keyboard_text_commit_suppression_matches_shortcut_and_named_key_rules ... ok
test input::tests::normalize_scroll_with_line_pixels_leaves_absolute_scroll_unchanged ... ok
test input::tests::normalize_scroll_with_line_pixels_scales_discrete_wheel_steps ... ok
test input::tests::pointer_button_helper_normalizes_labels_and_actions ... ok
test input::tests::pointer_scroll_delta_helpers_match_backend_units ... ok
test keys::tests::atom_names_are_descriptive ... ok
test keys::tests::atom_names_round_trip ... ok
test keys::tests::printable_chars_map_to_canonical_keys ... ok
test paint_layer_payload_cache::tests::byte_budget_and_entry_budget_are_shared_across_layer_payloads ... ok
test paint_layer_payload_cache::tests::mark_seen_extends_stale_window ... ok
test paint_layer_payload_cache::tests::payload_budget_limits_new_stores_per_frame ... ok
test paint_layer_payload_cache::tests::payload_key_excludes_placement ... ok
test paint_layer_payload_cache::tests::payload_key_includes_size_scale_resource_and_content ... ok
test paint_layer_payload_cache::tests::stale_payloads_evict_after_configured_unseen_window ... ok
test paint_layer_payload_cache::tests::stale_sweep_uses_earliest_seen_entry ... ok
test paint_layer_payload_cache::tests::store_reservation_rejects_when_it_would_evict_payload_used_this_frame ... ok
test paint_layer_payload_cache::tests::storing_a_run_replacement_evicts_only_older_versions_of_that_run ... ok
test render_scene::tests::gradient_hash_includes_middle_stops_order_count_and_angle ... ok
test render_scene::tests::summary_and_video_targets_follow_ordered_layer_content ... ok
test events::runtime::tests::delayed::stalled::large_stall_keeps_raw_observers_once_and_remount_recovery_releases_the_fifo ... ok
test events::runtime::tests::delayed::yielding::cached_yield_receipts_bound_host_ticks_without_constructing_scenes ... ok
test events::runtime::tests::delayed::queued_pre_edit_registry_does_not_release_buffered_keyboard_input ... ok
test events::runtime::tests::direct_runtime_scrollbar_thumb_press_and_move_drags_thumb ... ok
test events::runtime::tests::host_runtime_tree_update_boundary_replays_buffered_input_after_cached_registry ... ok
test events::tests::text_input_cursor_from_click_point_uses_screen_to_local_transform ... ok
test events::runtime::tests::delayed::yielding::real_actor_recovers_yielded_bursts_or_stops_without_a_yield_receipt ... ok
test events::runtime::tests::direct_runtime_text_drag_cursor_updates_do_not_stale_listener_lane ... ok
test renderer::tests::asset_raster_lru_enforces_entry_and_byte_limits ... ok
test events::tests::build_registry_rebuild_collects_text_inputs_focus_and_scrollbars ... ok
test renderer::tests::before_flush_hook_runs_once_for_direct_and_cache_tracked_frames ... ok
test renderer::tests::asymmetric_corners_reach_border_and_shadow_raster_paths ... ok
test renderer::tests::cache_tracking_preserves_interleaved_own_run_and_child_layer_order ... ok
test renderer::scene_images::tests::frozen_absence_and_nested_manual_scenes_never_borrow_an_outer_binding ... ok
test renderer::tests::cache_tracking_renders_child_layer_when_direct_parent_bounds_are_clipped ... ok
test renderer::tests::changing_gpu_run_replacements_never_reach_payload_store_admission ... ok
test events::runtime::tests::sampled_hit_case_static_cursor_clears_when_target_leaves_probe ... ok
test renderer::tests::child_paint_layer_survives_parent_payload_invalidation ... ok
test renderer::tests::cached_ordered_content_preserves_one_shared_alpha_group ... ok
test renderer::tests::changing_one_own_run_reuses_static_sibling_runs_and_child_layers ... ok
test renderer::tests::deferred_render_frame_flush_does_not_route_through_gl_submission ... ok
test renderer::scene_images::tests::newest_cached_version_is_selected_and_empty_asset_universe_skips_graph_walk ... ok
test renderer::tests::dynamic_candidate_fingerprint_never_skips_direct_live_video ... ok
test events::runtime::tests::delayed::yielding::host_feedback_budget_must_not_drain_the_request_for_the_next_tick ... ok
test renderer::tests::dynamic_candidate_fingerprint_tracks_direct_alpha_group_boundaries ... ok
test renderer::tests::dynamic_candidate_fingerprint_tracks_direct_rounded_clip_shape ... ok
test renderer::tests::failed_first_family_reservation_does_not_start_replacement_probation ... ok
test events::runtime::tests::sampled_hit_case_static_cursor_does_not_duplicate_hover_when_target_stays_inside ... ok
test renderer::tests::failed_replacement_reservation_does_not_starve_a_later_family ... ok
test renderer::scene_images::tests::grayscale_policy_uses_the_captured_kind_and_capture_does_no_render_work ... ok
test renderer::tests::full_box_shadow_stacks_composite_once_and_preserve_draw_order ... ok
test renderer::tests::gpu_run_replacement_waits_for_stability_and_replaces_the_old_payload ... ok
test renderer::tests::gradient_policy_recolors_every_stop_preserving_alpha ... ok
test renderer::tests::full_box_shadows_match_profiled_drawing_with_gradient_alpha_and_corners ... ok
test renderer::tests::cover_decode_target_accounts_for_the_full_cropped_image ... ok
test renderer::tests::dynamic_candidate_fingerprint_tracks_direct_asset_generation ... ok
test backend::headless::tests::animation::actor_direct_and_raster_headless_match_focus_ime_drag_wheel_nearby_and_final_damage ... ok
test renderer::gradient_tests::gradient_text_and_border_brushes_remain_in_their_grayscale_roles ... ok
test renderer::tests::dynamic_candidate_fingerprint_tracks_relaxed_clip_image_bleed ... ok
test renderer::tests::invalid_native_gradients_do_not_reach_skia ... ok
test events::runtime::tests::sampled_hit_case_static_cursor_activates_when_target_enters_newly_occupied_probes ... ok
test renderer::tests::image_loading_placeholder_uses_light_neutral_surface ... ok
test renderer::tests::image_failed_placeholder_uses_soft_error_surface ... ok
test renderer::tests::moving_paint_layer_payload_cache_clear_forces_miss_after_generation_local_hit ... ok
test renderer::tests::moving_paint_layer_payload_cache_keeps_rendered_payload_while_clipped ... ok
test renderer::tests::grayscale_policy_dithers_opaque_background_under_group_alpha ... ok
test renderer::tests::moving_paint_layer_payload_cache_respects_min_visible_before_store ... ok
test renderer::tests::moving_paint_layer_payload_cache_reuses_exact_run_across_layer_generation_change ... ok
test renderer::tests::moving_paint_layer_payload_cache_reuses_payload_after_integer_scroll_translation ... ok
test renderer::tests::moving_paint_layer_payload_cache_reuses_payload_across_root_alpha_changes ... ok
test renderer::tests::moving_paint_layer_payload_cache_reuses_payload_after_nested_scroll_translation ... ok
test renderer::tests::moving_paint_layer_payload_cache_reuses_payload_inside_partial_clip_after_scroll ... ok
test renderer::tests::moving_paint_layer_payload_candidate_outside_clip_is_not_drawn_or_admitted ... ok
test renderer::tests::moving_paint_layer_payload_key_separates_content_from_integer_placement ... ok
test renderer::tests::moving_paint_layer_payload_cache_stores_on_first_visibility_and_hits_later_frames ... ok
test renderer::tests::moving_paint_layer_traversal_allows_root_alpha_as_composition_state ... ok
test renderer::tests::moving_paint_layer_traversal_records_eligible_direct_miss_stats ... ok
test renderer::tests::moving_paint_layer_traversal_rejects_cpu_rotate_and_scale_without_changing_pixels ... ok
test renderer::tests::moving_paint_layer_traversal_rejects_fractional_cpu_translation_without_changing_pixels ... ok
test renderer::tests::nested_moving_paint_layer_stays_independent_when_parent_cannot_cache ... ok
test renderer::tests::paint_layer_source_clip_requires_material_pixel_savings ... ok
test renderer::tests::payload_cache_candidate_scan_finds_cacheable_child_below_direct_parent ... ok
test renderer::tests::profiled_paint_run_details_keep_only_the_slowest_eight ... ok
test renderer::tests::non_candidate_cpu_raster_frames_do_not_report_cache_stats ... ok
test renderer::tests::render_state_set_scene_refreshes_payload_cache_candidate_flag ... ok
test renderer::tests::rectangular_clip_is_idempotent_at_fractional_edges ... ok
test renderer::tests::gradient_middle_stop_changes_cached_layer_pixels ... ok
test renderer::tests::grayscale_policy_protects_glyph_coverage_without_protecting_text_bounds ... ok
test renderer::tests::renderer_cache_lifecycle_is_empty_when_no_moving_paint_layer_boundaries_are_marked ... ok
test renderer::tests::renderer_cache_lifecycle_tracks_budget_stats_and_generation_clear ... ok
test renderer::tests::renderer_cache_manager_requires_consecutive_visible_frames_for_admission ... ok
test renderer::tests::renderer_cache_manager_uses_configured_limits ... ok
test renderer::tests::rounded_clip_is_idempotent_at_fractional_edges ... ok
test renderer::tests::stable_gpu_run_replacements_are_staggered_across_frames ... ok
test renderer::tests::renderer_cache_default_allows_64_small_payloads_per_frame ... ok
test renderer::tests::test_border_edge_clips_asymmetric_top_right_corner_prefers_top ... ok
test renderer::tests::test_border_edge_clips_bottom_only_covers_near_corners ... ok
test renderer::tests::test_border_edge_clips_cover_all_edge_midpoints ... ok
test renderer::tests::test_border_edge_clips_do_not_overlap_at_corners ... ok
test renderer::tests::moving_paint_layer_node_renders_children_as_direct_fallback ... ok
test renderer::tests::moving_paint_layer_payload_cache_asset_generation_change_forces_miss ... ok
test renderer::tests::test_clipped_single_primitive_alpha_preserves_clip_without_layer ... ok
test renderer::tests::test_compute_image_fit_rects_contain_tall_frame ... ok
test renderer::tests::test_compute_image_fit_rects_contain_wide_frame ... ok
test renderer::tests::test_compute_image_fit_rects_cover_square_frame ... ok
test renderer::tests::test_compute_image_fit_rects_cover_tall_frame ... ok
test renderer::tests::test_compute_image_fit_rects_cover_wide_frame ... ok
test renderer::tests::test_compute_image_fit_rects_rejects_invalid_dimensions ... ok
test renderer::tests::deferred_native_text_paint_uses_its_measured_font_snapshot_after_loading ... ok
test renderer::tests::test_group_alpha_profile_keeps_layer_for_overlap ... ok
test renderer::tests::test_all_border_styles_stay_inside_border_box ... ok
test renderer::tests::isolated_wide_italic_text_cache_preserves_direct_visual_extent ... ok
test renderer::tests::test_nested_render_scopes_restore_before_following_sibling ... ok
test renderer::tests::test_outer_shadow_on_transparent_rect_fills_center ... ok
test renderer::scene_images::tests::cached_only_bindings_survive_source_eviction_replacement_and_pixel_cache_reset ... ok
test renderer::tests::test_outer_shadow_on_transparent_rounded_rect_fills_center ... ok
test renderer::tests::test_render_alpha_scope_restores_before_following_sibling ... ok
test renderer::tests::frozen_font_maps_share_until_load_survive_reset_and_release_without_asset_locks ... ok
test renderer::scene_images::tests::renderer_local_generation_collisions_do_not_alias_pixels_or_pollute_live_metadata ... ok
test renderer::tests::test_render_clip_scope_restores_before_following_sibling ... ok
test renderer::tests::test_render_transform_scope_restores_before_following_sibling ... ok
test renderer::gradient_tests::gradient_svg_profiles_a_bounded_layer_and_preserves_grayscale_holes ... ok
test renderer::tests::test_cover_fit_avoids_edge_bleed_from_outside_crop ... ok
test renderer::tests::test_image_alpha_profile_keeps_layer_fallback ... ok
test renderer::tests::test_single_primitive_alpha_profile_avoids_layer ... ok
test renderer::tests::test_solid_border_edges_asymmetric_keeps_top_right_corner_covered ... ok
test renderer::tests::test_solid_single_edge_border_draws_only_requested_edge ... ok
test renderer::tests::test_fractional_scale_cover_border_has_no_dark_inner_hairline ... ok
test renderer::tests::test_raster_template_tint_preserves_source_alpha_without_layer ... ok
test renderer::scene_images::tests::source_pins_are_sparse_shared_and_released_with_the_last_scene ... ok
test renderer::tests::test_repeat_x_fit_tiles_horizontally_only ... ok
test renderer::tests::test_repeat_y_fit_tiles_vertically_only ... ok
test assets::tests::stale_completion_after_replacement_publication_preserves_animation_and_retained_images ... ok
test renderer::tests::test_repeat_fit_tiles_both_axes ... ok
test renderer::tests::test_make_font_with_style_uses_stable_text_settings ... ok
test events::runtime::tests::delayed::stalled::successive_receipts_do_not_reinsert_the_untouched_replay_tail ... ok
test renderer::tests::inline_decorations_cache_hits_match_direct_after_shadow_and_border_changes ... ok
test renderer::tests::test_translucent_square_solid_border_does_not_overdraw_corners ... ok
test renderer::svg_cache_tests::same_content_aliases_share_parsing_and_documents_share_font_discovery ... ok
test renderer::tests::tiny_low_value_payload_bypass_is_gpu_only ... ok
test renderer::tests::visible_frame_fingerprint_does_not_skip_after_failed_render ... ok
test renderer::tests::visible_frame_fingerprint_ignores_offscreen_dynamic_layer_changes ... ok
test renderer::tests::visible_frame_fingerprint_skips_after_first_rendered_sample ... ok
test renderer::tests::visible_frame_fingerprint_tracks_dynamic_only_scenes ... ok
test renderer::tests::warm_run_cache_does_not_alias_after_child_layer_splits_a_shared_alpha_run ... ok
test renderer::tests::test_text_alpha_profile_avoids_layer ... ok
test runtime::tree_actor::tests::animation_pulse_sample_time_never_regresses ... ok
test runtime::tree_actor::tests::animation_pulse_sample_time_uses_predicted_present_without_previous ... ok
test renderer::tests::text_payload_uses_subpixel_phase_for_fractional_gpu_composition ... ok
test renderer::tests::test_measure_text_visual_metrics_account_for_synthetic_overhang ... ok
test renderer::svg_cache_tests::raster_and_svg_pixels_share_one_lru_and_byte_budget ... ok
test renderer::tests::warm_run_cache_keys_payload_affecting_enclosing_clip_options ... ok
test renderer::tests::test_template_tint_profile_reports_direct_tint_without_layer ... ok
test renderer::svg_cache_tests::svg_render_revisions_survive_scene_changes_and_invalidate_missing_variants ... ok
test renderer::tests::renderer_asset_contexts_isolate_registered_fonts_and_shutdown ... ok
test runtime::tree_actor::tests::backpressure::coalesced_mount_focus_survives_revision_changes_but_not_remount_or_removal ... ok
test runtime::tree_actor::tests::explicit_registry_rebuild_publishes_after_local_paint_refresh ... ok
test runtime::tree_actor::tests::queue_layout_output_counts_actual_render_queue_overwrites ... ok
test runtime::tree_actor::tests::mixed_pulse_and_asset_state_change_publish_sampled_scene ... ok
test runtime::tree_actor::tests::mixed_pulse_and_structure_upload_rebuilds_registry ... ok
test runtime::tree_actor::tests::mixed_pulse_and_resize_keeps_active_animation_sample_monotonic ... ok
test renderer::gradient_tests::svg_gradient_tint_multiplies_source_alpha_and_reuses_untinted_variants ... ok
test runtime::tree_actor::tests::resize_scale_relayout_rebuilds_registry_hit_regions ... ok
test runtime::tree_actor::tests::mixed_pulse_and_paint_patch_publish_sampled_scene ... ok
test runtime::tree_update::tests::asset_state_change_remeasures_single_axis_image_and_sibling ... ok
test runtime::tree_actor::tests::backpressure::stop_is_received_with_a_permanently_full_or_disconnected_registry_channel ... ok
test runtime::tree_update::tests::blocked_scroll_request_publishes_cached_registry_response ... ok
test runtime::tree_update::tests::completed_enter_animation_refreshes_final_base_attrs_before_stopping ... ok
test runtime::tree_update::tests::delayed_slider_marker_and_no_op_correction_are_registry_only ... ok
test runtime::tree_update::tests::inserted_nearby_enter_patch_renders_first_frame_at_start_transform ... ok
test runtime::tree_update::tests::incomplete_recompute_patch_hints_fall_back_to_full_attr_prepare ... ok
test renderer::svg_cache_tests::disabled_and_small_parsed_budgets_do_not_disable_font_reuse ... ok
test runtime::tree_update::tests::refresh_only_message_with_pending_scale_change_forces_recompute ... ok
test stats::tests::log_format_includes_asset_memory_totals_and_raster_variants ... ok
test stats::tests::log_format_includes_empty_paint_layer_renderer_cache ... ok
test stats::tests::paint_run_detail_reports_semantic_identity_outcome_bounds_and_draws ... ok
test stats::tests::pipeline_helpers_record_layout_draw_and_present_spans ... ok
test stats::tests::reset_drain_preserves_reset_stable_identity_and_post_close_updates ... ok
test stats::tests::slow_present_frame_log_includes_present_duration_and_scene_summary ... ok
test runtime::tree_update::tests::group_release_failure_does_not_publish_or_consume_sources_and_empty_retry_recovers ... ok
test stats::tests::log_format_includes_all_stats_fields ... ok
test stats::tests::slow_render_frame_log_includes_renderer_cache_frame_stats ... ok
test stats::tests::stale_gpu_sample_is_rejected_and_counted ... ok
test stats::tests::snapshot_tracks_avg_min_max_and_resets_window ... ok
test stats::tests::slow_render_frame_log_includes_timing_split_and_scene_summary ... ok
test stats::tests::take_drain_keeps_old_gpu_completion_and_routes_post_close_video_to_next_window ... ok
test stats::tests::video_primary_presentation_proof_is_page_flip_gated_and_reset_stable ... ok
test tests::latest_frame_store_coalesces_capture_generations ... ok
test tests::cleanup_dispatcher_uses_persistent_fallback_when_primary_is_closed ... ok
test tests::latest_frame_store_has_no_idle_capture_demand ... ok
test tests::latest_frame_store_timeout_does_not_cancel_capture_generation ... ok
test runtime::tree_update::tests::expired_ghost_survives_actor_query_failure_under_both_error_policies ... ok
test tests::non_vulkan_renderer_info_reports_no_vulkan_device ... ok
test tests::only_auto_rendering_api_uses_raster_startup_fallback ... ok
test tests::parse_backend_name_rejects_drm_when_not_compiled ... ok
test tests::parse_backend_name_rejects_removed_legacy_backend ... ok
test tests::parse_backend_name_rejects_unsupported_backend ... ok
test tests::parse_rendering_api_config_accepts_nested_raster_present ... ok
test tests::parse_rendering_api_config_rejects_unknown_present_mode ... ok
test runtime::tree_update::tests::successful_patch_prefix_is_published_after_either_error_policy ... ok
test tests::renderer_stats_log_waits_for_pending_gpu_samples_instead_of_logging_empty_window ... ok
test tests::rendering_api_matrix_allows_headless_auto_and_raster ... ok
test tests::rendering_api_matrix_allows_headless_gl_on_linux ... ok
test tests::rendering_api_matrix_allows_wayland_auto_and_gl ... ok
test tests::rendering_api_matrix_allows_wayland_raster ... ok
test tests::rendering_api_matrix_rejects_headless_metal ... ok
test tests::rendering_api_matrix_reports_unavailable_headless_vulkan_build ... ok
test tests::rendering_api_matrix_reports_unavailable_wayland_vulkan_build ... ok
test tests::latest_frame_store_stop_wakes_capture_waiter ... ok
test runtime::tree_update::tests::viewport_resize_at_change_completion_publishes_native_geometry_and_drains ... ok
test renderer::tests::grayscale_policy_protects_vector_coverage_without_protecting_its_bounds ... ok
test tests::shutdown_renderer_runtime_reports_thread_panics ... ok
test tests::straight_rgba_video_pixels_are_premultiplied_once ... ok
test tree::animation::admission::tests::an_unpublished_replacement_can_restore_the_original_without_history ... ok
test tree::animation::admission::tests::cancellation_and_in_place_updates_leave_committed_values_untouched ... ok
test tree::animation::fields::tests::conflicting_transforms_block_without_aliasing_distinct_writes ... ok
test tree::animation::fields::tests::disjoint_regular_and_change_fields_remain_legal ... ok
test tree::animation::fields::tests::duplicate_alias_policies_and_cross_transform_policies_are_rejected ... ok
test tree::animation::fields::tests::explicit_alignment_is_part_of_the_held_native_layout_mask ... ok
test tree::animation::fields::tests::phase_masks_are_disjoint_and_only_geometry_is_held_or_releasing ... ok
test tree::animation::fields::tests::regular_change_overlap_uses_canonical_writes_and_checks_every_keyframe ... ok
test tree::animation::fields::tests::spacing_aliases_have_one_write_set_but_paint_and_layout_transforms_are_distinct ... ok
test tree::animation::groups::tests::a_ticket_cannot_be_replayed_after_release_or_parent_recreation ... ok
test tree::animation::groups::tests::all_selected_owner_kinds_have_the_same_disjoint_geometry_phases ... ok
test tree::animation::groups::tests::arrivals_extend_only_their_parent_and_cancellation_releases_holds ... ok
test tree::animation::groups::tests::early_finisher_is_retained_only_until_its_parent_barrier ... ok
test tree::animation::groups::tests::group_tickets_reuse_warm_versions_but_reject_membership_phase_and_clock_changes ... ok
test tree::animation::groups::tests::ownership_boundaries_follow_parent_mount_and_nearby_slot ... ok
test tree::animation::groups::tests::paint_fields_and_unbounded_clocks_do_not_form_finite_layout_barriers ... ok
test tree::animation::groups::tests::warm_membership_does_not_copy_groups_and_phase_edits_copy_only_the_changed_parent ... ok
test tests::shutdown_renderer_runtime_stops_and_joins_threads ... ok
test runtime::tree_actor::tests::coupled_frames_ghost_cleanup_and_final_hits_match_direct_engine ... ok
test tree::animation::lengths::tests::admission::a_cancelled_unpublished_first_run_leaves_no_idle_history ... ok
test runtime::tree_actor::tests::backpressure::blocked_registry_coalesces_to_direct_final_and_ghost_cleanup_output ... ok
test runtime::tree_update::tests::successful_font_load_notifies_and_remeasures_an_idle_tree ... ok
test tree::animation::lengths::tests::adjacent_segments_use_previous_joint_endpoint_and_reanchor_siblings ... ok
test events::runtime::tests::delayed::outbound::host_drains_channel_then_deferred_operations_without_clones_or_overtaking ... ok
test tree::animation::lengths::tests::admission::a_regular_remount_with_an_identical_spec_does_not_restore_the_old_clock ... ok
test tree::animation::lengths::tests::admission::coalesced_a_b_a_does_not_allocate_an_unnecessary_generation ... ok
test tree::animation::lengths::tests::admission::cancellation_does_not_retire_committed_owner_until_successful_frame ... ok
test renderer::tests::test_svg_cover_fit_draws_vector_asset ... ok
test tree::animation::lengths::tests::admission::failed_b_then_c_uses_the_first_published_source_and_discards_b ... ok
test tree::animation::lengths::tests::admission::failed_regular_replacement_can_restore_the_original_run ... ok
test renderer::svg_cache_tests::svg_tree_and_pixels_are_independently_evictable ... ok
test tree::animation::lengths::tests::admission::failed_change_b_then_a_restores_committed_generation_clock_and_source ... ok
test tests::shutdown_signals_other_peers_before_waiting_for_a_full_actor_channel ... ok
test tree::animation::lengths::tests::admission::rejected_field_handoff_preserves_committed_pending_masks_and_retry_clock ... ok
test tree::animation::lengths::tests::admission::held_enter_hands_off_paint_while_width_remains_pending_on_the_same_shared_spec ... ok
test tree::animation::lengths::tests::admission::published_b_then_a_is_a_new_interruption_not_a_restore ... ok
test tree::animation::lengths::tests::admission::restoring_a_completed_committed_owner_restores_its_hold_not_an_idle_declaration ... ok
test tree::animation::lengths::tests::application::a_cached_frame_on_an_unpublished_remount_is_not_an_implicit_change_source ... ok
test tree::animation::lengths::tests::admission::retrying_failed_b_keeps_its_clock_and_source_instead_of_restarting ... ok
test tree::animation::lengths::tests::application::a_changed_release_ticket_rejects_before_samples_are_removed ... ok
test tree::animation::lengths::tests::application::invalid_direct_ownership_keeps_successfully_admitted_prefix_clocks_on_retry ... ok
test tree::animation::lengths::tests::application::invalid_finite_and_loop_timing_is_rejected_before_native_application ... ok
test tree::animation::lengths::tests::application::a_changed_committed_track_anchor_rejects_before_application ... ok
test runtime::tree_update::tests::persistent_animation_failures_bound_pulse_work_and_recover_without_losing_cleanup ... ok
test tree::animation::lengths::tests::application::a_live_foreign_runtime_cannot_apply_another_owners_preparation ... ok
test tree::animation::lengths::tests::application::admission_without_an_applied_frame_cannot_acknowledge_sources_or_commit_owners ... ok
test tree::animation::lengths::tests::application::a_new_preparation_invalidates_an_old_one_without_mutating_presentation ... ok
test tree::animation::lengths::tests::application::nonrelease_sources_and_tracks_commit_only_after_native_output_and_identical_sync_is_valid ... ok
test tree::animation::lengths::tests::application::paint_only_preparation_has_the_same_authority_without_allocating_geometry_workspace ... ok
test tree::animation::lengths::tests::application::event_owned_text_and_slider_values_keep_published_attrs_until_native_commit ... ok
test tree::animation::lengths::tests::application::mutable_public_entrypoints_advance_and_commit_without_external_sync ... ok
test tree::animation::lengths::tests::application::native_patch_preserves_published_effective_attrs_and_first_write_until_commit ... ok
test tree::animation::lengths::tests::application::preparations_cannot_cross_tree_runtime_or_workspace_identity ... ok
test tree::animation::lengths::tests::application::publication_rejects_an_unqueried_constraint_before_installing_samples ... ok
test tree::animation::lengths::tests::admission::retry_of_same_target_keeps_a_staged_enter_handoff_on_its_existing_generation ... ok
test renderer::tests::test_svg_cover_fit_reuses_cached_rendered_variant ... ok
test tree::animation::lengths::tests::application::refresh_requests_cannot_commit_geometry_without_native_layout ... ok
test tests::renderer_resource_stop_blocks_until_threads_join_even_after_running_flag_cleared ... ok
test tree::animation::lengths::tests::application::changed_frame_inputs_reject_before_application_including_nonrelease_frames ... ok
test tree::animation::lengths::tests::application::same_generation_candidate_mutations_invalidate_prepared_owner_authority ... ok
test tree::animation::lengths::tests::bounded_static_sources_cannot_enter_implicit_change_runs ... ok
test tree::animation::lengths::tests::application::font_preparations_cannot_cross_renderer_asset_contexts ... ok
test tree::animation::lengths::tests::change_admission_consumes_presentation_and_interruption_keeps_full_samples ... ok
test tree::animation::lengths::tests::cancelling_last_mover_releases_completed_change_sources_in_the_same_sync ... ok
test events::runtime::tests::delayed::stalled::real_event_actor_handles_burst_recovery_or_stop_without_a_registry_ack ... ok
test renderer::scene_images::tests::replacements_before_first_paint_and_after_warming_never_rebind_old_scenes ... ok
test tree::animation::lengths::tests::content::content_ancestors_detect_child_replacement_without_an_owner_attribute_patch ... ok
test tree::animation::lengths::tests::completed_change_keeps_its_source_only_until_joint_release ... ok
test tree::animation::lengths::tests::completed_enter_retains_geometry_but_not_paint_until_sibling_finishes ... ok
test tree::animation::lengths::tests::change_arrival_at_old_barrier_joins_before_completion_and_retargets_the_hold ... ok
test tree::animation::lengths::tests::application::unpublished_preparations_are_invalidated_by_runtime_and_scroll_access ... ok
test tree::animation::lengths::tests::content::content_policy_first_mount_does_not_turn_child_animation_ticks_into_changes ... ok
test tree::animation::lengths::tests::content::equal_content_targets_and_timing_only_edits_do_not_restart ... ok
test tests::live_actor_harness_render_driven_pulses_activate_hover_without_tree_quiet_waits ... ok
test tree::animation::lengths::tests::content::removing_content_policy_cancels_motion_and_releases_the_idle_workspace ... ok
test tree::animation::lengths::tests::content::idle_content_watchers_do_not_force_layout_or_queries ... ok
test renderer::tests::test_svg_cover_fit_template_tint_flattens_visible_pixels ... ok
test tree::animation::lengths::tests::content::content_changes_follow_supplied_metric_epochs_without_a_model_edit ... ok
test tree::animation::lengths::tests::application::rejected_moving_and_releasing_frames_preserve_pose_sources_and_committed_tracks_in_all_modes ... ok
test tree::animation::lengths::tests::content::content_changes_use_frozen_image_facts_without_hydration ... ok
test tree::animation::lengths::tests::content::content_interruption_uses_the_published_pose_and_incoming_timing ... ok
test tree::animation::lengths::tests::content::content_reversal_after_failed_retarget_restores_committed_identity ... ok
test backend::headless::tests::animation::delayed_registry_install_replays_keyboard_ime_and_wheel_during_animation_without_losing_input ... ok
test tree::animation::lengths::tests::content::root_content_policy_animates_the_same_text_update ... ok
test assets::tests::replacement_and_reconfiguration_between_prepare_and_publish_keep_one_asset_input ... ok
test backend::headless::tests::animation::delayed_pointer_release_and_nearby_hover_match_actor_and_headless_damage ... ok
test tree::animation::lengths::tests::continuation::coupled_release_certifies_both_axes_together ... ok
test tree::animation::lengths::tests::content::content_both_axes_use_joint_native_destinations_at_all_scales ... ok
test tree::animation::lengths::tests::content::nested_content_policies_share_destinations_without_sample_feedback ... ok
test tree::animation::lengths::tests::content::content_query_and_output_failures_preserve_publication_and_retry_clocks ... ok
test renderer::tests::test_svg_cover_fit_wide_strip_caches_visible_viewport_variant ... ok
test tree::animation::lengths::tests::continuation::a_rotated_mixed_driver_can_also_have_a_numeric_axis ... ok
test tree::animation::lengths::tests::content::unchanged_content_declaration_animates_descendant_text_growth_and_shrink ... ok
test tree::animation::lengths::tests::continuation::composed_feedback_respects_native_parent_imposed_sizes ... ok
test tree::animation::lengths::tests::continuation::intrinsic_group_links_cross_static_fill_wrappers_but_not_fixed_axis_boundaries ... ok
test tests::spawned_event_actor_harness_activates_hover_on_first_target_sample ... ok
test renderer::tests::test_svg_different_sizes_cache_separate_variants ... ok
test tree::animation::lengths::tests::continuation::later_pixel_segments_preserve_dependent_curve_anchors_through_joint_completion ... ok
test tree::animation::lengths::tests::continuation::finite_fill_parents_share_full_intrinsic_destinations_with_children ... ok
test renderer::tests::sized_jpeg_decode_caches_exact_draw_size ... ok
test tree::animation::lengths::tests::continuation::content_boundary_release_matches_native_full_footprints_not_pixel_lowering ... ok
test tree::animation::lengths::tests::continuation::looping_pixel_wrappers_drive_both_ancestor_and_descendant_group_members ... ok
test tree::animation::lengths::tests::continuation::later_pixel_segments_preserve_parent_scoped_charges_with_local_scale ... ok
test tree::animation::lengths::tests::continuation::coupled_hold_keeps_its_admitted_interval_when_the_other_finite_owner_is_cancelled ... ok
test tree::animation::lengths::tests::continuation::mixed_boundary_resolves_both_foreign_axes_before_joint_release ... ok
test tree::animation::lengths::tests::continuation::mixed_boundary_release_does_not_preserve_nonrelease_anchors_across_resets ... ok
test tree::animation::lengths::tests::continuation::ongoing_mixed_feedback_preserves_the_finite_curve_and_frozen_driver ... ok
test renderer::svg_cache_tests::parsed_svg_survives_scene_removal_before_first_rasterization ... ok
test renderer::tests::test_svg_large_variant_uses_shared_cache_budget ... ok
test tree::animation::lengths::tests::continuation::mixed_parent_clocks_preserve_dependent_anchors_and_native_release ... ok
test tree::animation::lengths::tests::continuation::pixel_equivalence_checks_foreign_policy_in_native_layout_before_and_after_the_frame ... ok
test renderer::tests::test_svg_repeat_fit_reuses_cached_tile_variant ... ok
test tree::animation::lengths::tests::continuation::pixel_cycle_release_exception_does_not_preserve_a_moving_anchor_across_a_reset ... ok
test tree::animation::lengths::tests::continuation::pixel_continuation_cannot_launder_corrupted_dependent_terminal_footprints ... ok
test renderer::tests::test_svg_repeat_fit_template_tint_flattens_tiled_pixels ... ok
test tree::animation::lengths::tests::continuation::pixel_segment_continuations_reset_across_skipped_cycles_without_replaying_them ... ok
test tree::animation::lengths::tests::continuation::retired_query_work_includes_terminal_queries_without_retaining_a_workspace ... ok
test tree::animation::lengths::tests::continuation::model_viewport_and_mixed_boundary_release_replay_original_joint_inputs ... ok
test tree::animation::lengths::tests::continuation::retained_pixel_intervals_use_full_boundary_witnesses_at_finite_release ... ok
test renderer::tests::test_svg_repeat_fit_tiles_both_axes ... ok
test tree::animation::lengths::tests::continuation::pixel_boundary_release_keeps_native_corruption_checks_and_failed_output_retry_clocks ... ok
test tree::animation::lengths::tests::continuation::shared_clock_evidence_checks_each_consumers_dependency_direction ... ok
test tree::animation::lengths::tests::continuation::mixed_ancestor_witnesses_validate_foreign_goals_and_keep_failed_output_retry_safe ... ok
test tree::animation::lengths::tests::continuation::release_checks_the_actual_continued_foreign_sample_before_publication ... ok
test tree::animation::lengths::tests::continuation::same_pool_mixed_changes_are_not_mistaken_for_independence ... ok
test tree::animation::lengths::tests::continuation::seed_membership_changes_at_coupled_release_use_native_receipts ... ok
test tree::animation::lengths::tests::continuously_changing_held_targets_preserve_the_remaining_interval ... ok
test tree::animation::lengths::tests::continuation::numeric_and_resolved_inputs_compose_under_native_rotation_and_scale ... ok
test tree::animation::lengths::tests::declared_container_completion_edits_work_on_both_axes ... ok
test tree::animation::lengths::tests::continuation::pixel_continuation_witness_and_output_failures_preserve_publication_and_retry_clocks ... ok
test tree::animation::lengths::tests::continuation::self_axis_independence_does_not_reanchor_the_loop ... ok
test tree::animation::lengths::tests::continuation::historical_clock_receipts_reject_corruption_and_retry_the_original_admission ... ok
test tree::animation::lengths::tests::direct_pixel_and_paint_exits_do_not_retain_dimension_sources ... ok
test tree::animation::lengths::tests::direct_pixels_keep_the_zero_workspace_path ... ok
test tests::live_actor_harness_static_cursor_activates_on_first_target_sample ... ok
test renderer::tests::test_svg_replacing_asset_id_invalidates_rendered_variants ... ok
test tree::animation::lengths::tests::dependent_content_fill_scopes_share_native_targets_and_release_together ... ok
test tree::animation::lengths::tests::driver::driver_corrupt_charge_cannot_hide_behind_equal_visible_size_or_paint_patch ... ok
test tree::animation::lengths::tests::driver::dependent_scopes_validate_joint_release_before_publishing_or_retiring ... ok
test tree::animation::lengths::tests::driver::driver_distinguishes_successful_preparation_from_publication ... ok
test tree::animation::lengths::tests::corrupt_structural_source_does_not_partially_replace_other_tracks_or_samples ... ok
test tree::animation::lengths::tests::driver::continuous_pixel_contexts_validate_cached_targets_and_retry_failed_witnesses ... ok
test tree::animation::lengths::tests::driver::driver_full_active_dirty_replay_observes_the_same_real_release ... ok
test tree::animation::lengths::tests::driver::arriving_sibling_does_not_extend_an_unchanged_hold_trajectory ... ok
test tree::animation::lengths::tests::driver::initially_empty_scroll_ranges_still_capture_later_runtime_scroll_input ... ok
test tree::animation::lengths::tests::continuation::unrelated_mixed_panels_do_not_restart_or_block_a_finite_child ... ok
test tree::animation::lengths::tests::driver::injected_release_failure_retains_the_same_publication_and_recovers_once ... ok
test tree::animation::lengths::tests::driver::driver_injects_source_and_target_failures_without_publishing_the_candidate_owner ... ok
test tree::animation::lengths::tests::driver::cancelling_a_sibling_preserves_in_flight_hold_work_through_query_failure ... ok
test tree::animation::lengths::tests::exit_capture_does_not_hide_an_unsupported_declared_endpoint ... ok
test tree::animation::lengths::tests::driver::model_release_requires_preimages_and_unchanged_published_topology ... ok
test tree::animation::lengths::tests::enter_terminal_release_precedes_explicit_base_handoff_and_requests_final_frame ... ok
test tree::animation::lengths::tests::driver::model_preimages_cannot_hide_corrupted_terminal_reservations ... ok
test tree::animation::lengths::tests::continuation::upward_enter_and_change_owners_release_against_native_loop_forecasts ... ok
test tree::animation::lengths::tests::driver::interaction_metrics_at_completion_replay_old_seeds_without_rewinding_live_input ... ok
test tree::animation::lengths::tests::enter_handoff_admits_only_the_latest_pending_target ... ok
test tree::animation::lengths::tests::finite_repeat_resets_source_at_cycle_boundary_without_releasing_the_group ... ok
test tree::animation::lengths::tests::exit_ghosts_remap_sampled_descendant_scopes_and_preserve_captured_pixel_units ... ok
test tree::animation::lengths::tests::grouped_weighted_finisher_keeps_full_reservation_for_static_peers ... ok
test tree::animation::lengths::tests::held_geometry_retargets_from_current_footprint_over_remaining_group_time ... ok
test tree::animation::lengths::tests::font_load_at_completion_replays_old_typefaces_and_publishes_new_metrics ... ok
test tree::animation::lengths::tests::min_max_keyframes_are_rejected_for_each_owner_and_axis ... ok
test tree::animation::lengths::tests::continuation::pixel_wrapper_release_proofs_keep_intrinsic_corruption_checks_and_retry_clocks ... ok
test tree::animation::lengths::tests::continuation::multiple_coupled_loop_boundaries_use_one_joint_release_and_stable_clocks ... ok
test tree::animation::lengths::tests::driver::viewport_release_rejects_corruption_and_failed_witness_retries_in_the_new_viewport ... ok
test tree::animation::lengths::tests::exit_dimension_animation_starts_from_the_published_mixed_footprint ... ok
test tree::animation::lengths::tests::identical_change_targets_do_not_restart_and_removing_policy_completes_damage ... ok
test tree::animation::lengths::tests::image_dimensions_at_completion_use_old_facts_and_reflow_the_other_axis ... ok
test tree::animation::lengths::tests::driver::driver_deadline_viewport_resize_releases_at_the_new_native_pose ... ok
test tree::animation::lengths::tests::receipts::a_delayed_receipt_cannot_retire_a_new_same_node_change_or_its_source ... ok
test tree::animation::lengths::tests::receipts::a_changed_track_terminal_or_generation_cannot_be_committed_by_an_old_receipt ... ok
test tree::animation::lengths::tests::receipts::a_ready_receipt_cannot_commit_in_a_cloned_runtime_or_geometry_workspace ... ok
test tree::animation::lengths::tests::receipts::exhausted_handoff_capacity_preserves_the_entire_ready_group ... ok
test tree::animation::lengths::tests::receipts::generation_exhaustion_preserves_a_completed_enter_during_model_sync ... ok
test tree::animation::lengths::tests::receipts::generation_exhaustion_is_typed_and_does_not_wrap_or_prepare_a_frame ... ok
test tree::animation::lengths::tests::receipts::presentation_anchoring_preserves_run_generation_but_invalidates_a_prepared_clock ... ok
test tree::animation::lengths::tests::receipts::ready_receipt_rejects_an_advanced_clock_but_allows_identical_sync ... ok
test tree::animation::lengths::tests::receipts::separately_presented_regular_restarts_at_the_same_time_do_not_alias ... ok
test tree::animation::lengths::tests::regular::cancelling_pending_regular_geometry_drops_the_old_spec_without_waiting_for_release ... ok
test tree::animation::lengths::tests::receipts::ready_receipt_rejects_each_changed_frame_input_without_retiring_tracks ... ok
test tree::animation::lengths::tests::driver::declared_container_completion_edits_retry_without_restoring_the_old_model ... ok
test tree::animation::lengths::tests::receipts::same_time_change_replacements_get_new_generations_and_keep_the_presented_source ... ok
test tree::animation::lengths::tests::live_fill_keeps_box_and_charge_continuous_and_releases_at_completion ... ok
test tree::animation::lengths::tests::regular::rejected_regular_handoff_retries_the_same_spec_source_and_clock ... ok
test tree::animation::lengths::tests::release_checks_charge_not_just_visible_size_and_preserves_sources_on_failure ... ok
test tree::animation::lengths::tests::release_uses_the_supplied_measurer_and_inherited_font_context ... ok
test tree::animation::lengths::tests::regular::reversing_an_unpublished_regular_replacement_restores_all_selected_run_clocks ... ok
test tree::animation::lengths::tests::regular::regular_field_handoff_supports_cold_multisegment_sampling_without_replaying_boundaries ... ok
test tree::animation::lengths::tests::removal_uses_incoming_exit_policy_not_deferred_visual_policy ... ok
test tree::animation::lengths::tests::rendered::registry_eligibility_cache_invalidates_runtime_and_nearby_topology_changes ... ok
test tree::animation::lengths::tests::regular::skipped_regular_handoffs_are_bounded_and_completed_sources_are_released ... ok
test events::runtime::tests::delayed::outbound::host_feedback_preserves_deferred_work_across_both_budgets_and_keeps_new_input_behind_it ... ok
test tree::animation::lengths::tests::simultaneous_parent_groups_use_one_release_query_and_commit_after_layout ... ok
test tree::animation::lengths::tests::synchronous_fields_share_endpoints_and_warm_queries ... ok
test tree::animation::lengths::tests::rendered::geometry_pulses_reuse_registry_eligibility_but_external_handler_edits_invalidate_it ... ok
test tree::animation::lengths::tests::regular::regular_paint_hands_off_while_geometry_waits_then_uses_its_own_admitted_clock ... ok
test tree::animation::lengths::tests::transport::actual_root_ignores_stale_nearby_parent_roles_without_interrupting_its_curve ... ok
test tree::animation::lengths::tests::transport::both_axes_transport_through_one_joint_native_source_and_release ... ok
test tree::animation::lengths::tests::transport::clearing_an_orphan_root_before_reattachment_keeps_its_published_source ... ok
test tree::animation::lengths::tests::transport::change_handoff_during_move_uses_first_published_native_source ... ok
test tree::animation::lengths::tests::continuation::weighted_foreign_boundary_releases_preserve_parent_pool_charges ... ok
test tree::animation::lengths::tests::continuation::self_axis_wrapping_feedback_preserves_the_height_curve_and_width_clock ... ok
test tree::animation::lengths::tests::rendered::equal_size_image_replacement_changes_rasters_without_restarting_dimension_clocks ... ok
test tree::animation::lengths::tests::continuation::independence_witness_failures_preserve_sources_and_retry_clocks ... ok
test tree::animation::lengths::tests::continuation::ongoing_feedback_resets_only_the_anchor_at_foreign_interval_boundaries ... ok
test tree::animation::lengths::tests::transport::corrupt_structural_source_and_clock_receipts_cannot_be_relabelled ... ok
test tree::animation::lengths::tests::transport::numeric_moves_enter_native_transport_without_changing_the_normal_pixel_fast_path ... ok
test tree::animation::lengths::tests::transport::ghost_after_transport_uses_new_native_baseline_and_retries_cleanup ... ok
test tree::animation::lengths::tests::transport::promotion_to_root_transports_the_same_mounted_owner ... ok
test tree::animation::lengths::tests::transport::moving_a_held_owner_keeps_its_admitted_deadline ... ok
test tree::animation::lengths::tests::finite_sibling_targets_do_not_follow_each_others_samples ... ok
test tree::animation::lengths::tests::transport::replacing_parent_kind_captures_child_provenance_before_overwrite ... ok
test tree::animation::lengths::tests::transport::root_replacement_and_remount_do_not_inherit_old_clocks_or_sources ... ok
test tree::animation::lengths::tests::transport::rotated_transport_preserves_native_source_channels ... ok
test tree::animation::lengths::tests::transport::declared_float_handoff_and_due_move_are_native_and_transactional ... ok
test tree::animation::lengths::tests::transport::transport_at_segment_repeat_boundaries_preserves_mount_and_run_clock ... ok
test tree::animation::lengths::tests::transport::unpublished_held_detour_restores_committed_group_membership ... ok
test tree::animation::lengths::tests::transport::same_mount_reparent_preserves_published_box_and_native_release ... ok
test tree::animation::lengths::tests::rendered::animated_scroll_viewports_clip_pixels_and_hits_and_clamp_offsets_in_real_layout ... ok
test tree::animation::lengths::tests::weighted_interpolation_uses_resolved_endpoints_from_the_start ... ok
test tree::animation::lengths::tests::rendered::font_only_and_combined_deadline_inputs_preserve_old_rasters_and_match_fresh_native_output ... ok
test tree::animation::source::tests::captured_mixed_footprints_do_not_become_compatible_pixel_sources ... ok
test tree::animation::source::tests::dimension_owned_text_does_not_take_the_manual_resize_shortcut ... ok
test tree::animation::lengths::tests::weighted_member_reaches_and_holds_joint_target_without_a_completion_switch ... ok
test tree::animation::source::tests::content_column_in_row_uses_layout_instead_of_leaving_sibling_positions_stale ... ok
test tree::animation::source::tests::model_effects_exclude_animation_policy_and_paint_only_edits ... ok
test tree::animation::source::tests::first_write_survives_coalescing_and_failed_prefix_then_releases_on_frame ... ok
test tree::animation::source::tests::fixed_column_overflow_and_intrinsic_width_remain_distinct ... ok
test tree::animation::source::tests::remount_and_empty_tree_frames_release_pending_sources ... ok
test tree::animation::tests::completed_enter_hands_off_to_base_attrs_when_no_animate_is_present ... ok
test tree::animation::tests::completed_enter_starts_regular_animation_from_zero_progress ... ok
test tree::animation::tests::empty_runtime_does_not_rescan_an_unchanged_model ... ok
test tree::animation::tests::enter_animation_captures_spec_at_mount_time ... ok
test tree::animation::tests::failed_admission_retry_preserves_already_admitted_enter_clock_and_spec ... ok
test tree::animation::source::tests::manual_text_width_facts_match_fresh_layout_at_each_scale ... ok
test tree::animation::tests::gradient_interpolation_keeps_all_stops_and_rejects_native_count_mismatch ... ok
test tree::animation::tests::prune_completed_exit_ghosts_removes_finished_ghost_subtree ... ok
test tree::animation::tests::remounted_enter_and_exit_ids_never_keep_the_old_mount_clock ... ok
test tree::animation::tests::sample_animation_spec_clamps_once_to_last_keyframe ... ok
test tree::animation::tests::sample_animation_spec_interpolates_layout_scale_and_rotate ... ok
test tree::animation::tests::sample_animation_spec_loops_with_time ... ok
test tree::animation::tests::scale_animation_spec_preserves_layout_transform_fields ... ok
test tree::animation::source::tests::reparent_captures_old_scope_before_parent_links_change ... ok
test tree::animation::tests::sync_with_tree_does_not_start_enter_when_attr_is_added_later ... ok
test tree::animation::tests::sync_with_tree_starts_enter_animation_for_newly_mounted_nodes ... ok
test tree::animation::tests::sync_with_tree_starts_exit_runtime_for_ghost_roots ... ok
test tree::animation::tests::transient_enter_animation_anchors_to_first_presented_frame_once ... ok
test tree::animation::tests::transient_exit_animation_anchors_to_first_presented_frame_once ... ok
test tree::animation::tests::universal_color_animation_lifts_solids_and_interpolates_every_shadow ... ok
test tree::animation::timing::tests::boundaries_include_cycle_and_terminal_phase ... ok
test tree::animation::timing::tests::remaining_curves_preserve_the_original_interval ... ok
test tree::attrs::tests::decode_multicolor_gradient_model_and_nested_styles ... ok
test tree::attrs::tests::gradient_decoder_rejects_malformed_payloads ... ok
test tree::attrs::tests::min_max_lengths_decode_statically_but_not_in_animation_payloads ... ok
test tree::attrs::tests::shared_color_payload_decodes_in_every_color_slot_and_rejects_nested_gradients ... ok
test tree::attrs::tests::test_decode_align ... ok
test tree::attrs::tests::test_decode_alpha ... ok
test tree::attrs::tests::test_decode_animate ... ok
test tree::attrs::tests::test_decode_animate_enter ... ok
test tree::attrs::tests::test_decode_animate_exit ... ok
test tree::attrs::tests::test_decode_bool ... ok
test tree::attrs::tests::test_decode_border_radius_corners ... ok
test tree::attrs::tests::test_decode_border_style_variants ... ok
test tree::attrs::tests::test_decode_border_width_sides ... ok
test tree::attrs::tests::test_decode_border_width_uniform ... ok
test tree::attrs::tests::test_decode_box_shadow_inset ... ok
test tree::attrs::tests::test_decode_box_shadows ... ok
test tree::attrs::tests::test_decode_box_shadows_multiple ... ok
test tree::attrs::tests::test_decode_color_rgb ... ok
test tree::attrs::tests::test_decode_color_rgba ... ok
test tree::animation::source::tests::same_declaration_does_not_replace_scaled_presentation_or_create_history ... ok
test tree::attrs::tests::test_decode_content ... ok
test tree::attrs::tests::test_decode_empty_attrs ... ok
test tree::attrs::tests::test_decode_focus_events ... ok
test tree::attrs::tests::test_decode_focus_on_mount ... ok
test tree::attrs::tests::test_decode_focused_and_mouse_down_styles ... ok
test tree::attrs::tests::test_decode_focused_rejects_non_decorative_tag ... ok
test tree::attrs::tests::test_decode_font_decoration_and_spacing ... ok
test tree::attrs::tests::test_decode_image_source_variants ... ok
test tree::attrs::tests::test_decode_layout_rotate ... ok
test tree::attrs::tests::test_decode_layout_scale ... ok
test tree::attrs::tests::test_decode_length_fill ... ok
test tree::attrs::tests::test_decode_length_min_max ... ok
test tree::attrs::tests::test_decode_length_px ... ok
test tree::attrs::tests::test_decode_mouse_events ... ok
test tree::attrs::tests::test_decode_mouse_over_attrs ... ok
test tree::attrs::tests::test_decode_mouse_over_border_and_font_attrs ... ok
test tree::attrs::tests::test_decode_mouse_over_box_shadows ... ok
test tree::attrs::tests::test_decode_mouse_over_font_decoration_and_spacing ... ok
test tree::attrs::tests::test_decode_mouse_over_rejects_non_decorative_tag ... ok
test tree::attrs::tests::test_decode_mouse_over_svg_color ... ok
test tree::attrs::tests::test_decode_move_x ... ok
test tree::attrs::tests::test_decode_move_y ... ok
test tree::attrs::tests::test_decode_on_change ... ok
test tree::attrs::tests::test_decode_on_click ... ok
test tree::attrs::tests::test_decode_padding_uniform ... ok
test tree::attrs::tests::test_decode_on_press ... ok
test tree::attrs::tests::test_decode_rotate ... ok
test tree::attrs::tests::test_decode_scale ... ok
test tree::attrs::tests::test_decode_scroll_offsets ... ok
test tree::attrs::tests::test_decode_space_evenly ... ok
test tree::attrs::tests::test_decode_spacing_xy ... ok
test tree::attrs::tests::test_decode_svg_color_and_expected ... ok
test tree::attrs::tests::test_decode_swipe_events ... ok
test tree::attrs::tests::test_decode_virtual_key_rejects_unknown_hold_tag ... ok
test tree::attrs::tests::test_decode_virtual_key_text_and_key_with_hold_event ... ok
test tree::deserialize::tests::test_decode_empty_tree ... ok
test tree::deserialize::tests::test_decode_single_node ... ok
test tree::animation::tests::rejected_publication_cannot_prune_an_expired_ghost_and_cleanup_drains ... ok
test tree::deserialize::tests::test_decode_with_attrs ... ok
test tree::deserialize::tests::test_invalid_magic ... ok
test tree::deserialize::tests::test_unsupported_version ... ok
test tree::element::tests::refresh_damage_tracks_render_registry_and_descendant_paths ... ok
test tree::element::tests::test_apply_scroll_axis_helpers ... ok
test tree::element::tests::test_apply_scroll_axis_helpers_clamp_to_bounds ... ok
test tree::element::tests::test_clear_advances_revision_without_resetting_to_zero ... ok
test tree::element::tests::test_element_kind_from_tag ... ok
test tree::element::tests::test_for_each_retained_child_non_paragraph_preserves_order_as_scope ... ok
test tree::element::tests::test_for_each_retained_child_paragraph_orders_float_before_inline ... ok
test tree::element::tests::test_replace_with_uploaded_advances_revision_and_restamps_nodes ... ok
test tree::element::tests::test_scrollbar_hover_axis_is_tri_state ... ok
test tree::element::tests::test_set_fill_width_text_input_content_is_paint_only ... ok
test tree::element::tests::test_set_fixed_text_input_content_is_paint_only ... ok
test tree::element::tests::test_set_focused_active_toggles_state ... ok
test tree::element::tests::test_set_mouse_down_active_requires_mouse_down_attrs ... ok
test tree::element::tests::test_set_mouse_down_active_toggles_state ... ok
test tree::element::tests::test_set_mouse_over_active_requires_mouse_over_attrs ... ok
test tree::element::tests::test_set_mouse_over_active_toggles_state ... ok
test tree::element::tests::test_set_mouse_over_active_tracks_event_only_hover ... ok
test tree::element::tests::test_set_scrollbar_hover_axis_noop_when_axis_disabled ... ok
test tree::element::tests::test_set_text_input_content_marks_event_origin_without_content_change ... ok
test tree::animation::lengths::tests::transport::transport_failure_second_move_and_unpublished_reversal_keep_first_source ... ok
test tree::element::tests::test_set_text_input_content_updates_and_clamps_runtime ... ok
test tree::element::tests::test_set_text_input_runtime_ignores_non_text_input_nodes ... ok
test tree::element::tests::test_set_text_input_runtime_normalizes_focus_selection_and_preedit ... ok
test tree::element::tests::test_was_mounted_after_uses_node_mount_revision ... ok
test tree::element::tests::topology_versions_bump_for_child_order_changes_but_not_noop_writes ... ok
test tree::element::tests::topology_versions_bump_for_nearby_slot_changes_but_not_noop_writes ... ok
test tree::geometry::tests::host_clip_shape_exists_without_explicit_clip_attrs ... ok
test tree::element::tests::transform_animation_refresh_dirty_preserves_content_paint_generation ... ok
test tree::geometry::tests::host_clip_shape_falls_back_to_rect_when_radius_consumed ... ok
test tree::geometry::tests::host_clip_shape_ignores_padding ... ok
test tree::geometry::tests::host_clip_shape_uses_inner_border_rect ... ok
test tree::geometry::tests::host_clip_shape_with_corner_radii_uses_inner_corner_radii ... ok
test tree::geometry::tests::host_clip_shape_with_uniform_radius_uses_inner_radii ... ok
test tree::geometry::tests::host_clip_shape_without_border_keeps_radius ... ok
test tree::geometry::tests::shape_offset_moves_rect_but_preserves_radii ... ok
test tree::invalidation::tests::classify_event_attrs_as_registry ... ok
test tree::invalidation::tests::classify_layout_attrs_as_measure ... ok
test tree::invalidation::tests::classify_visual_attrs_as_paint ... ok
test tree::invalidation::tests::classify_slider_value_and_range_attrs_as_resolve ... ok
test tree::invalidation::tests::paint_invalidation_recomputes_without_geometry ... ok
test tree::invalidation::tests::paint_invalidation_uses_refresh_only_when_geometry_exists ... ok
test tree::invalidation::tests::registry_request_recomputes_without_cached_rebuild_or_geometry ... ok
test tree::invalidation::tests::registry_request_refreshes_without_cached_rebuild_when_geometry_exists ... ok
test tree::invalidation::tests::registry_request_reuses_cached_rebuild_without_invalidation ... ok
test tree::layout::projection::tests::compact_snapshot_preserves_nearby_parents_and_remounts_invalidate_cached_results ... ok
test tree::layout::projection::tests::declaration_preimages_restore_absent_attrs_and_do_not_leak_across_queries ... ok
test tree::layout::projection::tests::failed_requests_do_not_poison_the_previous_or_next_projection ... ok
test tree::layout::projection::tests::image_queries_use_only_frozen_metrics_and_metric_updates_invalidate_ancestors ... ok
test tree::layout::projection::tests::isolated_batched_endpoints_retain_charge_and_never_play_declared_animations ... ok
test tree::layout::projection::tests::metric_epochs_invalidate_text_leaf_caches_without_copying_the_model ... ok
test tree::animation::tests::transient_pulses_visit_owners_not_the_static_model ... ok
test tree::layout::projection::tests::query_measurer_preserves_specialized_text_measurement ... ok
test tree::layout::projection::tests::removing_ancestor_layout_scale_restores_descendants ... ok
test tree::layout::projection::tests::replay_requires_actual_old_metric_facts_and_complete_seed_membership ... ok
test tree::layout::projection::tests::repeated_requests_are_cached_and_permuted_queries_match_fresh_evaluation ... ok
test tree::layout::projection::tests::rotation_and_font_projection_order_cannot_reuse_old_render_frames_as_intrinsics ... ok
test tree::layout::projection::tests::scale_viewport_and_model_changes_do_not_alias_cached_queries ... ok
test tree::layout::projection::tests::simultaneous_projection_and_foreign_full_samples_share_one_evaluation ... ok
test tree::layout::projection::tests::slider_imposed_widths_do_not_become_intrinsics_in_later_native_queries ... ok
test tree::layout::projection::tests::sparse_context_scroll_and_hover_inputs_do_not_leak_between_queries ... ok
test tree::layout::projection::tests::warm_queries_reuse_untouched_text_measurements_and_do_not_recopy_the_model ... ok
test tree::layout::projection::tests::normal_layout_keeps_loading_and_read_only_image_lookup_stages ... ok
test tree::layout::projection::tests::frozen_scroll_overrides_declared_scroll_consistently_for_full_and_sparse_preparation ... ok
test tree::layout::projection::tests::scroll_end_follow_is_reseeded_per_query_without_mutating_live_state ... ok
test tree::layout::projection::tests::model_copy_omits_live_frames_encoded_attrs_and_retained_caches ... ok
test tree::layout::tests::animation_endpoints::equal_visible_endpoints_can_have_different_allocation_weights ... ok
test tree::layout::tests::animation_endpoints::bounded_fill_endpoint_pixels_lose_sibling_allocation ... ok
test tree::layout::tests::animation_endpoints::pixel_only_bounded_endpoint_handoff_jumps_the_sibling ... ok
test tree::layout::tests::animation_endpoints::recursively_bounded_fill_also_cannot_be_lowered_to_only_pixels ... ok
test tree::layout::tests::animation_groups::content_parent_endpoint_needs_current_descendant_output_not_only_group_members ... ok
test tree::layout::tests::animation_endpoints::unbounded_fill_endpoint_pixel_substitution_preserves_allocation ... ok
test tree::layout::tests::animation_groups::legacy_weight_sampling_cannot_switch_early_to_a_joint_final_box_without_a_jump ... ok
test tree::animation::lengths::tests::transport::transported_coupled_forecasts_keep_new_scope_and_leaf_clock_evidence ... ok
test tree::layout::tests::animation_groups::separate_child_groups_exchange_context_through_unanimated_ancestors ... ok
test tree::layout::tests::animation_groups::nested_fill_endpoint_needs_current_parent_constraint_not_its_original_box ... ok
test tree::layout::tests::animation_transaction::cancelling_last_resolved_run_does_not_freeze_stale_image_context_for_cleanup ... ok
test tree::layout::tests::animation_groups::sibling_group_must_keep_reservations_for_unanimated_siblings ... ok
test tree::layout::tests::border_box::test_border_box_el_insets_child ... ok
test tree::animation::lengths::tests::weighted_footprints_follow_easing_on_both_axes ... ok
test tree::layout::tests::border_box::test_border_box_el_with_padding_and_border ... ok
test tree::layout::tests::border_box::test_border_box_intrinsic_sizing ... ok
test tree::layout::tests::border_box::test_border_box_per_side_border_width ... ok
test tree::layout::tests::animation_transaction::prepared_font_environment_survives_load_until_next_frame_and_remeasures_then ... ok
test tree::layout::tests::border_box::test_border_box_row_intrinsic_with_border ... ok
test tree::layout::tests::border_box::test_border_box_shadows_do_not_affect_layout ... ok
test tree::layout::tests::cache::gradient_patch_invalidates_paint_without_remeasuring_text ... ok
test tree::layout::tests::cache::clean_deep_child_subtree_measure_cache_skips_descendant_layout ... ok
test tree::layout::tests::cache::test_align_patch_dirties_resolve_not_measure ... ok
test tree::layout::tests::animation_transaction::equal_font_generations_in_distinct_renderers_do_not_reuse_native_metrics ... ok
test tree::layout::tests::cache::paragraph_alignment_patches_and_inherited_changes_match_fresh_layout ... ok
test tree::layout::tests::cache::test_decorative_paint_refresh_reuses_cached_registry ... ok
test tree::layout::tests::cache::test_cached_and_uncached_frames_match_for_simple_tree ... ok
test tree::layout::tests::cache::test_child_paint_change_bypasses_dirty_parent_moving_paint_layer ... ok
test tree::layout::tests::cache::test_dirty_integer_move_transform_bypasses_moving_paint_layer ... ok
test tree::layout::tests::cache::test_event_only_patch_keeps_resolve_cache_hot ... ok
test tree::layout::tests::cache::inline_decoration_animation_matches_fresh_frames_and_only_width_reflows ... ok
test tree::layout::tests::cache::test_event_only_patch_keeps_subtree_measurement_cache_hot ... ok
test tree::layout::tests::cache::test_image_size_change_misses_leaf_measurement_cache ... ok
test tree::layout::tests::cache::test_insert_nearby_subtree_keeps_host_measurement_clean ... ok
test tree::layout::tests::cache::test_keyed_reorder_dirties_container_resolve_only ... ok
test tree::layout::tests::cache::test_layout_affecting_animation_refresh_still_runs_layout ... ok
test tree::layout::tests::cache::test_layout_cache_stats_are_disabled_by_default ... ok
test tree::layout::tests::cache::test_layout_cache_stats_report_layout_affecting_animation_cache_misses ... ok
test tree::layout::tests::cache::test_layout_cache_stats_report_shifted_sibling_reuse ... ok
test tree::layout::tests::cache::test_layout_cache_stats_report_warm_cache_hits ... ok
test tree::layout::tests::cache::test_layout_reflow_does_not_emit_old_moving_paint_layer_without_scroll_damage ... ok
test tree::layout::tests::cache::test_layout_cache_stats_report_cold_paragraph_resolve_store ... ok
test tree::layout::tests::cache::test_leaf_measurement_cache_survives_keyed_reorder ... ok
test tree::layout::tests::cache::test_leaf_text_measurement_cache_reuses_repeated_layout ... ok
test tree::layout::tests::cache::test_listener_free_behind_content_nearby_remove_keeps_registry_clean ... ok
test tree::layout::tests::cache::test_listener_free_overlay_nearby_remove_invalidates_registry_for_blockers ... ok
test tree::layout::tests::cache::test_measure_affecting_animation_inside_fixed_size_el_reuses_parent_measure_cache ... ok
test tree::layout::tests::cache::test_dirty_root_alpha_change_bypasses_moving_paint_layer ... ok
test tree::layout::tests::cache::test_measure_affecting_animation_preserves_unrelated_sibling_cache_reuse ... ok
test tree::layout::tests::cache::test_listener_free_overlay_nearby_insert_invalidates_registry_for_blockers ... ok
test tree::layout::tests::cache::test_multiline_resolve_cache_hits_after_warm_layout ... ok
test tree::layout::tests::cache::test_nearby_registry_subtree_removal_keeps_registry_invalidation ... ok
test tree::layout::tests::cache::test_nearby_slot_change_reuses_host_measure_cache ... ok
test tree::layout::tests::cache::test_paint_only_attr_change_reuses_leaf_measurement_cache ... ok
test tree::layout::tests::cache::test_nearby_slot_change_cached_resolve_matches_uncached_layout ... ok
test tree::layout::tests::cache::test_paint_only_inherited_text_animation_refresh_matches_uncached_render ... ok
test tree::layout::tests::cache::test_multiline_width_and_font_change_misses_and_matches_uncached_layout ... ok
test tree::layout::tests::cache::test_paint_only_patch_keeps_resolve_cache_hot ... ok
test tree::layout::tests::cache::test_paint_only_nearby_inherited_text_animation_refresh_matches_uncached_render ... ok
test tree::layout::tests::cache::test_paint_only_patch_and_paint_only_animation_refresh_skip_layout ... ok
test tree::layout::tests::cache::test_paint_only_patch_keeps_subtree_measurement_cache_hot ... ok
test tree::layout::tests::cache::test_paint_only_shadow_animation_refresh_skips_layout_after_warm_frame ... ok
test tree::layout::tests::cache::test_paragraph_inline_text_stores_resolve_cache ... ok
test tree::layout::tests::cache::test_paint_only_shadow_patch_refresh_skips_layout ... ok
test tree::layout::tests::cache::test_paragraph_resolve_cache_shifts_fragments_after_parent_alignment_change ... ok
test tree::layout::tests::cache::test_parent_font_change_invalidates_inherited_text_measurement ... ok
test tree::layout::tests::cache::test_registry_chunked_rebuild_matches_full_after_registry_patch ... ok
test tree::layout::tests::cache::test_reinserted_nearby_subtree_changed_host_misses_detached_layout_cache ... ok
test tree::layout::tests::cache::test_render_snapshot_omits_layout_cache_entries ... ok
test tree::layout::tests::cache::test_reinserted_nearby_subtree_reuses_detached_layout_cache ... ok
test tree::layout::tests::cache::test_resolve_cache_restores_shifted_subtree_before_parent_realignment ... ok
test tree::layout::tests::cache::test_resolve_affecting_animation_does_not_remeasure_text ... ok
test tree::layout::tests::cache::test_reinserted_nearby_subtree_changed_slot_misses_detached_layout_cache ... ok
test tree::layout::tests::cache::test_resolve_cache_stores_for_simple_subtree ... ok
test tree::layout::tests::cache::test_resolve_cache_translates_clean_sibling_after_previous_sibling_layout_change ... ok
test tree::layout::tests::cache::test_row_text_patch_dirties_measure_and_resolve ... ok
test tree::layout::tests::cache::test_scale_change_misses_subtree_measurement_cache ... ok
test tree::layout::tests::cache::test_scroll_with_paint_only_animation_refresh_skips_layout ... ok
test tree::layout::tests::cache::test_set_children_inside_nearby_stops_layout_dirty_at_nearby_boundary ... ok
test tree::layout::tests::cache::test_single_axis_image_patches_and_clean_cache_match_fresh_layout ... ok
test tree::layout::tests::cache::test_slider_value_change_is_resolve_only_and_keeps_measure_cache_hot ... ok
test tree::layout::tests::cache::test_subtree_measurement_cache_skips_clean_descendants ... ok
test tree::layout::tests::cache::test_text_column_resolve_cache_hits_with_paragraph_child ... ok
test tree::layout::tests::cache::test_text_patch_dirties_changed_path_only ... ok
test tree::layout::tests::cache::test_subtree_cache_survives_keyed_reorder_without_remeasuring_leaves ... ok
test tree::layout::tests::cache::test_text_patch_inside_content_sized_el_still_dirties_parent_measurement ... ok
test tree::layout::tests::cache::test_text_content_and_font_size_changes_miss_leaf_measurement_cache ... ok
test tree::layout::tests::cache::test_text_patch_inside_nested_fixed_el_keeps_outer_resolve_cache_hot ... ok
test tree::layout::tests::cache::test_text_patch_inside_fixed_size_el_stops_parent_measure_dirty_but_keeps_traversal ... ok
test tree::layout::tests::cache::test_todo_filter_like_fill_list_shrinks_after_cached_layout ... ok
test tree::layout::tests::cache::test_wrapped_row_resolve_cache_hits_and_width_change_misses ... ok
test tree::layout::tests::cache::test_transform_paint_refresh_rebuilds_registry ... ok
test tree::layout::tests::dimension_samples::bounded_child_fill_demand_does_not_snap_its_implicit_parent ... ok
test tree::layout::tests::dimension_samples::dimension_sample_storage_is_sparse_and_identical_installation_is_a_noop ... ok
test tree::layout::tests::dimension_samples::content_to_definite_container_blends_child_distribution_without_a_start_jump ... ok
test tree::layout::tests::dimension_samples::allocation_replay_keeps_visible_alignment_with_rotation_insets_and_layout_scale ... ok
test tree::layout::tests::dimension_samples::enabling_even_spacing_has_no_terminal_placement_jump ... ok
test tree::layout::tests::dimension_samples::interruption_captures_the_whole_sample_and_scale_is_applied_once ... ok
test tree::layout::tests::dimension_samples::invalid_samples_and_foreign_pool_scopes_are_rejected_without_mutation ... ok
test tree::layout::tests::dimension_samples::equal_image_boxes_retain_syntax_dependent_aspect_policy ... ok
test tree::layout::tests::dimension_samples::endpoint_replay_preserves_clipped_pixels_hits_and_scroll_geometry ... ok
test tree::layout::tests::dimension_samples::mixed_box_and_charge_samples_have_continuous_peer_allocation ... ok
test tree::layout::tests::dimension_samples::parent_imposed_dimensions_take_precedence_over_a_retained_sample ... ok
test tree::animation::lengths::tests::transport::arrivals_and_cancellations_at_migrated_hold_barriers_keep_native_joint_release ... ok
test tree::layout::tests::font::font_info_with_inheritance_supports_regular_and_extra_light_weights ... ok
test tree::layout::tests::dimension_samples::same_box_different_charge_invalidates_retained_layout ... ok
test tree::layout::tests::layout_transform::arbitrary_rotate_uses_aabb_reservation ... ok
test tree::layout::tests::dimension_samples::owned_final_boxes_preserve_descendant_and_nearby_alignment_at_both_limits ... ok
test tree::animation::lengths::tests::looping_foreign_trajectories_are_characterized_per_sampling_schedule ... ok
test tree::layout::tests::layout_transform::layout_rotate_animation_reserves_sampled_aabb ... ok
test tree::animation::lengths::tests::continuation::mixed_boundary_proofs_preserve_corruption_checks_and_failed_attempts ... ok
test tree::layout::tests::dimension_samples::wrapped_lines_and_float_slots_replay_their_own_planner_facts ... ok
test tree::layout::tests::dimension_samples::replaying_children_inside_a_mixed_pool_does_not_interpolate_them_twice ... ok
test tree::layout::tests::layout_transform::layout_scale_animation_scales_same_frame_pixel_keyframes ... ok
test tree::layout::tests::layout_transform::local_layout_scale_matches_global_scale_for_basic_attrs ... ok
test tree::layout::tests::layout_transform::nested_layout_scales_multiply_down_the_subtree ... ok
test tree::layout::tests::layout_transform::non_root_quarter_rotate_reserves_aabb_and_keeps_render_frame_centered ... ok
test tree::layout::tests::layout_transform::layout_transform_animation_resizes_parent_row_after_cached_initial_layout ... ok
test tree::layout::tests::layout_transform::root_layout_rotate_patch_matches_fresh_rotated_layout_and_render_scene ... ok
test tree::layout::tests::layout_transform::root_layout_scale_animation_scales_descendant_attrs ... ok
test tree::layout::tests::layout_transform::root_layout_scale_nearby_exit_ghost_keeps_captured_size ... ok
test tree::layout::tests::layout_transform::root_layout_scale_nearby_exit_ghost_keeps_size_when_subtree_scale_pass_runs ... ok
test tree::layout::tests::measurement::test_content_size_column_with_children ... ok
test tree::layout::tests::measurement::test_content_size_basic_element ... ok
test tree::layout::tests::layout_transform::root_layout_scale_patch_matches_fresh_scaled_layout_and_render_scene ... ok
test tree::layout::tests::measurement::test_content_size_image_intrinsic_includes_padding_and_border ... ok
test tree::layout::tests::measurement::test_centered_responsive_image_matches_in_front_after_host_resizing ... ok
test tree::layout::tests::layout_transform::root_quarter_rotate_places_nearby_inside_logical_render_frame ... ok
test tree::layout::tests::measurement::test_content_size_el_with_child ... ok
test tree::layout::tests::layout_transform::root_quarter_rotate_swaps_logical_constraints_and_fits_physical_viewport ... ok
test tree::layout::tests::measurement::test_image_aspect_ratio_inference_rejects_unknown_or_invalid_dimensions ... ok
test tree::layout::tests::measurement::test_content_size_scrollable_column ... ok
test tree::layout::tests::measurement::test_content_size_row_with_children ... ok
test tree::layout::tests::measurement::test_el_final_content_size_preserves_insets_bounds_and_child_alignment ... ok
test tree::layout::tests::measurement::test_fill_height_content_width_growth_repairs_horizontal_alignment ... ok
test tree::layout::tests::measurement::test_fill_height_respects_fixed_parent_width_and_reports_scroll_overflow ... ok
test tree::layout::tests::measurement::test_fill_height_nested_content_width_reflows_before_row_fill_allocation ... ok
test tree::layout::tests::measurement::test_fill_height_wraps_using_resolved_image_widths ... ok
test tree::layout::tests::measurement::test_image_fill_axis_does_not_infer_placeholder_or_video_ratios ... ok
test tree::layout::tests::measurement::test_image_fill_axis_grows_content_parents_and_positions_siblings ... ok
test tree::layout::tests::measurement::test_image_fill_axis_honors_content_bounds_and_insets ... ok
test tree::layout::tests::measurement::test_image_fill_axis_uses_weighted_row_allocation_and_column_remaining_height ... ok
test tree::layout::tests::measurement::test_image_single_pixel_axis_preserves_intrinsic_aspect_ratio ... ok
test tree::layout::tests::measurement::test_layout_multiline_wraps_and_auto_grows_height ... ok
test tree::layout::tests::measurement::test_image_fill_axis_resolves_content_ratio_after_allocation ... ok
test tree::layout::tests::measurement::test_image_single_pixel_axis_applies_ratio_inside_padding_and_border ... ok
test tree::layout::tests::measurement::test_image_single_pixel_axis_sizes_parent_and_positions_sibling ... ok
test tree::layout::tests::measurement::test_layout_multiline_defaults_to_one_line_minimum_height ... ok
test tree::layout::tests::measurement::test_layout_text ... ok
test tree::layout::tests::measurement::test_layout_multiline_respects_explicit_height_override ... ok
test tree::layout::tests::measurement::test_layout_text_letter_and_word_spacing ... ok
test tree::layout::tests::measurement::test_media_sizing_modes ... ok
test tree::layout::tests::paragraph_flow::inline_borders_use_identical_local_and_shared_float_exclusions ... ok
test tree::layout::tests::paragraph_flow::inline_border_insets_wrap_and_align_the_outer_line_box ... ok
test tree::layout::tests::paragraph_flow::inline_boxes_clone_insets_without_per_word_seams ... ok
test tree::layout::tests::paragraph_flow::inline_empty_and_oversized_boxes_terminate_and_keep_minimum_insets ... ok
test tree::layout::tests::paragraph_flow::inline_shadow_geometry_is_layout_neutral_and_retained_even_before_paint ... ok
test tree::layout::tests::paragraph_flow::paragraph_alignment_finalizes_a_line_before_a_new_float ... ok
test tree::layout::tests::paragraph_flow::paragraph_alignment_handles_empty_single_and_oversized_lines ... ok
test tree::layout::tests::paragraph_flow::inline_trailing_space_counts_closing_border_once_and_keeps_completed_height ... ok
test tree::layout::tests::paragraph_flow::paragraph_alignment_preserves_inline_spacing_and_ignores_trailing_spaces ... ok
test tree::layout::tests::paragraph_flow::paragraph_alignment_shared_floats_use_the_final_paragraph_box_position ... ok
test tree::layout::tests::paragraph_flow::paragraph_alignment_positions_each_wrapped_line ... ok
test tree::layout::tests::animation_groups::sibling_group_holds_early_finisher_and_releases_jointly_without_allocation_jump ... ok
test tree::layout::tests::paragraph_flow::paragraph_alignment_precedence_is_local_font_then_local_align_then_inherited_font ... ok
test tree::layout::tests::paragraph_flow::paragraph_alignment_uses_content_insets_and_line_spacing ... ok
test tree::layout::tests::paragraph_flow::paragraph_alignment_tracks_float_bounds_before_and_after_expiry ... ok
test tree::layout::tests::paragraph_flow::test_paragraph_empty_text_skipped ... ok
test tree::layout::tests::paragraph_flow::test_line_spacing_row_pushes_following_heading ... ok
test tree::layout::tests::paragraph_flow::test_paragraph_expands_height ... ok
test tree::layout::tests::paragraph_flow::test_paragraph_align_left_float_wraps_then_releases_width ... ok
test tree::layout::tests::paragraph_flow::test_paragraph_el_wrapped_text ... ok
test tree::layout::tests::paragraph_flow::test_paragraph_fragment_colors_from_children ... ok
test tree::layout::tests::paragraph_flow::test_paragraph_inside_el_shifts_fragments ... ok
test tree::layout::tests::paragraph_flow::test_paragraph_inherits_font_context ... ok
test tree::layout::tests::paragraph_flow::test_paragraph_fragment_defaults_to_black ... ok
test tree::layout::tests::paragraph_flow::test_paragraph_intrinsic_width_is_sum_of_children ... ok
test tree::layout::tests::paragraph_flow::test_paragraph_multiple_text_children ... ok
test tree::layout::tests::paragraph_flow::test_paragraph_left_and_right_floats_constrain_first_line_bounds ... ok
test tree::layout::tests::paragraph_flow::test_paragraph_line_spacing ... ok
test tree::layout::tests::resolve_core::test_available_space_from_f32 ... ok
test tree::layout::tests::resolve_core::test_available_space_is_definite ... ok
test tree::layout::tests::resolve_core::test_available_space_resolve ... ok
test tree::layout::tests::paragraph_flow::test_paragraph_no_children ... ok
test tree::layout::tests::resolve_core::test_constraint_max_methods ... ok
test tree::layout::tests::paragraph_flow::test_paragraph_preserves_leading_space_between_nodes ... ok
test tree::layout::tests::paragraph_flow::test_paragraph_single_text_no_wrap ... ok
test tree::layout::tests::paragraph_flow::test_paragraph_wraps_to_parent_constraint ... ok
test tree::layout::tests::paragraph_flow::test_paragraph_skips_non_text_children ... ok
test tree::layout::tests::paragraph_flow::test_paragraph_with_padding ... ok
test tree::layout::tests::paragraph_flow::test_paragraph_wraps_words ... ok
test tree::layout::tests::paragraph_flow::test_text_column_non_paragraph_child_clears_below_active_floats ... ok
test tree::layout::tests::resolve_core::test_child_alignment_overrides_parent ... ok
test tree::layout::tests::resolve_core::test_el_align_bottom ... ok
test tree::layout::tests::resolve_core::test_el_align_right ... ok
test tree::layout::tests::resolve_core::test_el_center_both_axes ... ok
test tree::layout::tests::resolve_core::test_el_center_x_aligns_child ... ok
test tree::layout::tests::resolve_core::test_layout_el_shrink_to_content ... ok
test tree::layout::tests::resolve_core::test_el_with_padding_and_center ... ok
test tree::layout::tests::resolve_core::test_el_center_y_aligns_child ... ok
test tree::layout::tests::resolve_core::test_el_expands_height_for_wrapped_paragraph ... ok
test tree::layout::tests::resolve_core::test_el_alignment_uses_asymmetric_padding_and_border_content_box ... ok
test tree::layout::tests::resolve_core::test_layout_minimum_constraint ... ok
test tree::layout::tests::resolve_core::test_layout_maximum_constraint ... ok
test tree::layout::tests::resolve_core::test_mouse_over_border_width_affects_content_sizing ... ok
test tree::layout::tests::resolve_core::test_layout_minimum_constraint_enforced ... ok
test tree::layout::tests::resolve_core::test_layout_single_el ... ok
test tree::layout::tests::resolve_core::test_mouse_over_text_align_center_without_explicit_width_fills_constraint ... ok
test tree::layout::tests::resolve_core::test_text_align_center_without_explicit_width_fills_constraint ... ok
test tree::layout::tests::row_column::test_column_min_content_fill_caps_scroll_region_before_footer ... ok
test tree::layout::tests::row_column::test_column_reallocates_weighted_fills_after_paragraph_wraps ... ok
test tree::layout::tests::row_column::test_column_reallocates_fill_height_after_paragraph_wraps ... ok
test tree::layout::tests::row_column::test_column_self_alignment_zones ... ok
test tree::layout::tests::row_column::test_column_weighted_fill_with_min_length_caps_individual_child ... ok
test tree::layout::tests::row_column::test_column_weighted_fill_distribution ... ok
test tree::layout::tests::row_column::test_column_with_wrapped_row_pushes_siblings ... ok
test tree::layout::tests::row_column::test_content_height_column_repositions_bottom_aligned_child_after_expansion ... ok
test tree::layout::tests::row_column::test_demo_assets_fill_chain_keeps_wrapped_rows_within_content_panel ... ok
test tree::layout::tests::row_column::test_content_height_column_applies_spacing_between_top_and_bottom_zones ... ok
test tree::layout::tests::row_column::test_fill_and_weighted_fill_mixed ... ok
test tree::layout::tests::row_column::test_exit_ghost_stays_in_active_layout_until_pruned ... ok
test tree::layout::tests::row_column::test_layout_column_space_evenly_distribution ... ok
test tree::layout::tests::row_column::test_layout_row ... ok
test tree::layout::tests::row_column::test_layout_column_weighted_fill_with_content_parent ... ok
test tree::layout::tests::row_column::test_layout_column_spacing_xy_uses_vertical ... ok
test tree::layout::tests::row_column::test_layout_column_fill ... ok
test tree::layout::tests::row_column::test_exact_demo_assets_tree_wraps_after_wide_to_narrow_relayout ... ok
test tree::layout::tests::row_column::test_exact_demo_assets_tree_wraps_cards_at_fresh_narrow_width ... ok
test tree::layout::tests::row_column::test_layout_row_space_evenly_distribution ... ok
test tree::layout::tests::row_column::test_layout_row_weighted_fill_with_content_parent ... ok
test tree::layout::tests::row_column::test_layout_text_column_stacks_like_column ... ok
test tree::layout::tests::row_column::test_layout_row_space_evenly_ignored_for_content_parent ... ok
test tree::layout::tests::row_column::test_row_expands_height_when_child_paragraph_wraps ... ok
test tree::layout::tests::row_column::test_layout_row_spacing_xy_uses_horizontal ... ok
test tree::layout::tests::row_column::test_multiple_exit_ghosts_keep_individual_column_slots ... ok
test tree::layout::tests::row_column::test_row_max_length_resolves_multiple_fill_leaves_recursively ... ok
test tree::layout::tests::row_column::test_row_min_length_resolves_multiple_fill_leaves_recursively ... ok
test tree::layout::tests::row_column::test_row_padding_stays_symmetric_with_explicit_width_padded_children ... ok
test tree::layout::tests::row_column::test_row_paint_children_follow_layout_order_not_source_order ... ok
test tree::layout::tests::row_column::test_layout_row_with_max_width_child ... ok
test tree::layout::tests::row_column::test_row_weighted_fill_subtracts_decorated_fixed_outer_width ... ok
test tree::layout::tests::row_column::test_layout_wrapped_row_spacing_xy_uses_vertical_between_lines ... ok
test tree::layout::tests::row_column::test_row_weighted_fill_distribution ... ok
test tree::layout::tests::row_column::test_row_self_alignment_zones ... ok
test tree::layout::tests::row_column::test_row_weighted_fill_with_max_length_floors_individual_child ... ok
test tree::layout::tests::row_column::test_row_weighted_fill_with_fixed ... ok
test tree::layout::tests::row_column::test_row_with_fill_height_does_not_expand_for_wrapped_paragraph_child ... ok
test tree::layout::tests::row_column::test_row_with_mixed_alignments_and_vertical ... ok
test tree::layout::tests::row_column::test_wrapped_row_inside_fill_chain_wraps_cards ... ok
test tree::layout::tests::row_column::test_wrapped_row_expands_height_when_child_column_contains_wrapped_paragraph ... ok
test tree::layout::tests::row_column::test_wrapped_row_center_alignment_on_wrapped_line ... ok
test tree::layout::tests::row_column::test_wrapped_row_mixed_alignment_zones_per_line ... ok
test tree::layout::tests::row_column::test_wrapped_row_paint_children_follow_line_then_x_order ... ok
test tree::layout::tests::row_column::test_wrapped_row_right_alignment_on_wrapped_line ... ok
test tree::layout::tests::row_column::test_wrapped_row_two_items_per_line ... ok
test tree::layout::tests::row_column::test_wrapped_row_with_decorated_fixed_cards_wraps_by_occupied_width ... ok
test tree::layout::tests::row_column::test_wrapped_row_height_with_wrapping ... ok
test tree::layout::tests::scale::test_scale_attrs_scales_animation_keyframe_numeric_fields ... ok
test tree::layout::tests::scale::test_scale_attrs_scales_border_shadow_motion_and_scroll_fields ... ok
test tree::layout::tests::scale::test_scale_attrs_scales_mouse_over_numeric_fields ... ok
test tree::layout::tests::scale::test_interaction_style_merge_order_prefers_mouse_down_on_conflict ... ok
test tree::layout::tests::dimension_samples::footprint_replay_preserves_bounded_allocation_for_every_subset ... ok
test tree::layout::tests::scale::test_layout_uses_first_animation_keyframe_for_static_frames ... ok
test tree::layout::tests::scale::test_layout_with_scale_scales_font_spacing ... ok
test tree::layout::tests::scale::test_animated_nearby_hit_case_layout_geometry_matches_probe_story ... ok
test tree::layout::tests::scale::test_mouse_over_styles_are_applied_in_layout_pass ... ok
test tree::layout::tests::scale::test_refresh_with_frame_attrs_applies_mouse_over_styles ... ok
test tree::layout::tests::scale::test_layout_scale_min_max_lengths ... ok
test tree::layout::tests::scale::test_layout_with_scale ... ok
test tree::patch::tests::test_apply_patches_advances_revision_once_per_batch ... ok
test tree::patch::tests::test_animated_nearby_remove_keeps_live_ixs_stable_while_adding_ghost ... ok
test tree::patch::tests::test_animated_remove_retargets_exit_spec_to_current_visual_alpha ... ok
test tree::patch::tests::test_animated_remove_keeps_live_ixs_stable_while_adding_ghost ... ok
test tree::patch::tests::test_apply_patches_classifies_child_changes_as_structure ... ok
test tree::patch::tests::test_apply_patches_classifies_content_attr_as_measure ... ok
test tree::patch::tests::test_apply_patches_classifies_event_attr_as_registry ... ok
test tree::patch::tests::test_apply_patches_classifies_fixed_box_content_attr_as_paint ... ok
test tree::patch::tests::test_apply_patches_classifies_single_line_text_input_content_as_paint ... ok
test tree::patch::tests::test_apply_patches_classifies_visual_attr_as_paint ... ok
test tree::patch::tests::test_apply_patches_keeps_multiline_text_input_content_as_measure ... ok
test tree::patch::tests::test_apply_patches_keeps_row_text_label_content_as_measure ... ok
test tree::layout::tests::scroll::test_layout_clears_scroll_when_scrollbar_disabled ... ok
test tree::patch::tests::test_insert_nearby_subtree_keeps_ghost_before_new_live_nearby ... ok
test tree::patch::tests::test_insert_nearby_subtree_preserves_existing_ixs_and_stamps_new_nodes ... ok
test tree::patch::tests::test_insert_nearby_subtree_keeps_ghost_before_new_live_nearby_across_slots ... ok
test tree::patch::tests::test_insert_nearby_subtree_with_animation_requires_resolve_instead_of_refresh_layout ... ok
test tree::patch::tests::test_insert_subtree_preserves_existing_ixs_and_stamps_new_nodes ... ok
test tree::patch::tests::test_insert_subtree_stamps_inserted_nodes_with_batch_revision ... ok
test tree::layout::tests::scroll::test_layout_clears_only_disabled_scroll_axis ... ok
test tree::patch::tests::test_insert_subtree_preserves_ghost_anchor_against_live_order ... ok
test tree::patch::tests::test_preserve_runtime_attrs_on_patch ... ok
test tree::patch::tests::test_patch_clears_mouse_over_active_when_mouse_over_removed ... ok
test tree::patch::tests::test_multiple_animated_nearby_removes_keep_all_ghost_mounts ... ok
test tree::patch::tests::test_preserve_runtime_attrs_on_patch_when_axis_present ... ok
test tree::patch::tests::test_remove_prunes_old_id_mapping_before_slot_reuse ... ok
test tree::patch::tests::test_remove_recursively_prunes_descendant_id_mappings ... ok
test tree::patch::tests::test_remove_then_reinsert_stamps_new_mount_revision ... ok
test tree::patch::tests::test_remove_then_insert_batch_preserves_sibling_ixs_and_stamps_new_nodes ... ok
test tree::patch::tests::test_remove_with_animate_exit_creates_sanitized_child_ghost ... ok
test tree::patch::tests::test_remove_with_animate_exit_preserves_ghost_subtree_topology ... ok
test tree::patch::tests::test_runtime_owned_slider_delayed_patch_marker_is_not_paint_damage ... ok
test tree::patch::tests::test_runtime_owned_slider_patch_matching_current_value_is_noop ... ok
test tree::patch::tests::test_set_attrs_buffers_focused_text_input_patch_content ... ok
test tree::patch::tests::test_set_attrs_clears_patch_content_when_unfocused_text_input_accepts_patch ... ok
test tree::layout::tests::scroll::test_layout_preserves_scroll_offsets ... ok
test tree::patch::tests::test_set_attrs_marks_text_input_content_as_tree_patch_when_content_present ... ok
test tree::patch::tests::test_set_attrs_preserves_existing_mount_revision ... ok
test tree::patch::tests::test_set_attrs_preserves_node_ix_and_mount_revision ... ok
test tree::patch::tests::test_set_attrs_preserves_text_input_content_origin_when_content_absent ... ok
test tree::layout::tests::scroll::test_layout_scroll_offset_clamps_when_max_shrinks ... ok
test tree::patch::tests::test_set_children_preserves_existing_mount_revisions ... ok
test tree::patch::tests::test_set_children_reorder_preserves_existing_child_ixs ... ok
test tree::patch::tests::test_set_nearby_mounts_reorder_preserves_existing_mount_ixs ... ok
test tree::patch::tests::test_set_nearby_mounts_slot_change_preserves_node_ix ... ok
test tree::layout::tests::scroll::test_layout_scroll_offset_stays_start_when_max_grows_from_zero ... ok
test tree::patch::tests::test_topology_links_stay_consistent_across_representative_mutation_batch ... ok
test tree::animation::lengths::tests::continuation::finite_release_replays_pixel_clock_segment_and_cycle_boundaries_without_rewinding_them ... ok
test tree::layout::tests::scroll::test_scrollable_el_uses_child_frame_height_for_content ... ok
test tree::patch::tests::test_apply_patches_invalidates_paragraph_when_inherited_strike_toggles ... ok
test tree::patch::tests::test_apply_patches_relayouts_centered_column_text_label ... ok
test tree::patch::tests::test_apply_patches_classifies_plain_column_text_label_content_as_paint ... ok
test tree::render::tests::cache::animated_video_stays_direct_below_its_cacheable_animation_boundary ... ok
test tree::patch::tests::test_remove_with_animate_exit_keeps_rendering_but_drops_press_listener ... ok
test tree::render::tests::color::test_color_to_u32 ... ok
test tree::render::tests::color::test_named_colors ... ok
test tree::render::tests::cache::clean_nearby_fragment_reuses_the_mounted_subtree_without_descending ... ok
test tree::render::tests::cache::declared_scroll_and_animation_boundaries_are_structural ... ok
test tree::render::tests::cache::camera_like_semantic_topology_is_exact_and_generation_local ... ok
test tree::render::tests::cache::paint_animation_does_not_create_a_compositor_layer ... ok
test tree::render::tests::cache::scroll_content_normalizes_offset_out_of_payload_generation ... ok
test tree::render::tests::cache::nested_slider_generation_is_local_and_scroll_offset_independent ... ok
test tree::render::tests::cache::root_and_nearby_boundaries_do_not_depend_on_dirty_state ... ok
test tree::render::tests::cache::video_under_cacheable_nearby_becomes_local_direct_media ... ok
test tree::render::tests::paint::test_cached_pending_image_subtree_refreshes_when_asset_becomes_ready ... ok
test tree::render::tests::paint::multicolor_gradient_paints_middle_stop_and_keeps_clip_and_large_angle ... ok
test tree::render::tests::paint::test_demo_interaction_scroll_panel_keeps_top_and_right_rounded_edges ... ok
test tree::render::tests::paint::test_render_border_dashed_passes_style ... ok
test tree::render::tests::paint::test_render_background_image_failed_uses_self_clip ... ok
test tree::render::tests::paint::test_render_background_image_pending_uses_self_clip ... ok
test tree::render::tests::paint::test_render_border_edges_with_style ... ok
test tree::render::tests::paint::test_render_border_edges_bottom_only ... ok
test tree::render::tests::paint::test_render_border_edges_emits_border_edges_cmd ... ok
test tree::render::tests::paint::test_render_border_edges_asymmetric_widths ... ok
test tree::render::tests::paint::test_render_gradient_with_per_corner_radius_uses_self_clip ... ok
test tree::render::tests::paint::test_render_border_uniform_emits_border_cmd ... ok
test tree::render::tests::paint::test_render_gradient_with_per_corner_radius_clips_corner_pixels ... ok
test tree::render::tests::paint::test_render_gradient_with_rounded_corners_uses_self_clip ... ok
test tree::render::tests::paint::test_render_image_source_pending_emits_loading_placeholder ... ok
test tree::render::tests::paint::test_render_gradient_without_radius_has_no_self_clip ... ok
test tree::render::tests::paint::test_render_inset_shadow_emits_after_background ... ok
test tree::render::tests::paint::test_render_scrollbar_x_thumb ... ok
test tree::render::tests::paint::test_render_no_border_without_color ... ok
test tree::render::tests::paint::test_render_scrollbar_y_thumb ... ok
test tree::render::tests::paint::test_render_scrollbar_hover_uses_wider_thumb ... ok
test tree::render::tests::paint::test_render_shadow_emits_before_background ... ok
test tree::render::tests::paint::test_render_image_cover_border_has_no_inner_gap_from_background ... ok
test tree::render::tests::paint::test_render_uniform_pill_border_matches_clamped_rounded_clip ... ok
test tree::render::tests::paragraph::aligned_paragraph_text_and_decorations_share_positions_and_owner_paint ... ok
test tree::render::tests::paint::test_render_svg_source_rejects_raster_asset_ids ... ok
test tree::render::tests::paint::test_render_nested_image_cover_has_no_inner_gap_from_parent_background ... ok
test tree::render::tests::paragraph::inline_background_paints_between_outer_and_inset_shadows_before_text_and_border ... ok
test tree::render::tests::paint::test_render_nested_image_contain_has_no_right_gap_when_touching_horizontal_edges ... ok
test tree::render::tests::paint::test_glow_cards_in_scroll_y_panel_bleed_horizontally_at_outer_grid_edges ... ok
test tree::render::tests::cache::warm_camera_like_scene_reuses_every_static_run_while_video_stays_direct ... ok
test tree::render::tests::paragraph::inline_color_backgrounds_clone_per_line_with_corner_clips_and_gradient_bounds ... ok
test tree::render::tests::paragraph::test_render_paragraph_emits_text_commands ... ok
test tree::render::tests::paragraph::test_render_paragraph_no_fragments ... ok
test tree::render::tests::paragraph::inline_wrappers_without_a_background_emit_no_background_draws ... ok
test tree::render::tests::paragraph::test_render_paragraph_underline_and_strike ... ok
test tree::render::tests::paragraph::test_render_paragraph_renders_float_child_and_fragments ... ok
test tree::render::tests::paragraph::inline_shadow_culling_includes_overflow_beyond_the_paragraph_frame ... ok
test tree::render::tests::paragraph::test_render_paragraph_rebuild_keeps_float_before_inline_event_children ... ok
test tree::render::tests::paint::test_render_svg_source_with_color_emits_tinted_image_command ... ok
test tree::animation::lengths::tests::continuation::independent_consumers_share_only_matching_native_input_cohorts ... ok
test tree::render::tests::paragraph::inline_shadow_overflow_obeys_each_scroll_axis ... ok
test tree::render::tests::paragraph::test_render_paragraph_with_background ... ok
test tree::render::tests::pipeline::compositor_animation_moves_content_behind_a_fixed_parent_clip ... ok
test tree::render::tests::pipeline::test_nearby_position_calculations ... ok
test tree::render::tests::pipeline::test_border_renders_after_host_clip_pops ... ok
test tree::render::tests::pipeline::test_alpha_shadow_keeps_shadow_visible_and_alpha_reduced_inside_parent_clip ... ok
test tree::render::tests::pipeline::combined_refresh_matches_separate_registry_for_local_and_escape_nearby ... ok
test tree::render::tests::pipeline::nested_alpha_shadow_body_keeps_non_nearest_rounded_ancestor_clip ... ok
test tree::render::tests::pipeline::combined_refresh_matches_separate_render_and_registry_for_interactive_tree ... ok
test tree::render::tests::pipeline::test_host_clip_pushes_once_for_square_border ... ok
test tree::render::tests::pipeline::test_cached_slider_thumb_glow_bleeds_past_slider_frame ... ok
test tree::render::tests::pipeline::test_nested_scroll_host_clip_uses_canonical_geometry_with_local_translation ... ok
test tree::render::tests::pipeline::test_outer_shadow_bleeds_into_parent_padding ... ok
test tree::render::tests::pipeline::test_cached_focused_slider_glow_escapes_non_scroll_ancestor_clip ... ok
test tree::render::tests::pipeline::test_outer_shadow_escapes_nested_non_scrollable_ancestor_clips ... ok
test tree::render::tests::pipeline::test_outer_shadow_clips_only_on_vertical_scroll_axis ... ok
test tree::render::tests::pipeline::test_outer_shadow_bleeds_into_parent_top_and_right_padding ... ok
test tree::render::tests::pipeline::test_outer_shadow_clips_only_on_horizontal_scroll_axis ... ok
test tree::render::tests::pipeline::test_cached_scroll_container_repaints_direct_content_when_scroll_offset_changes ... ok
test tree::render::tests::pipeline::test_outer_shadow_escapes_non_scrollable_ancestor_clip ... ok
test tree::render::tests::pipeline::test_outer_shadow_on_transparent_rounded_element_reveals_center ... ok
test tree::render::tests::pipeline::test_render_above_fill_width_uses_parent_slot ... ok
test tree::render::tests::pipeline::test_outer_shadow_reuses_full_rounded_clip_when_both_scroll_axes_enabled ... ok
test tree::render::tests::pipeline::test_render_ancestor_in_front_beats_descendant_below ... ok
test tree::render::tests::pipeline::test_render_behind_between_background_and_children ... ok
test tree::render::tests::pipeline::test_render_clip_nearby_clips_escape_overlay ... ok
test tree::render::tests::pipeline::test_render_behind_inside_host_clip ... ok
test tree::render::tests::pipeline::test_render_emits_rotate_for_rotation ... ok
test tree::render::tests::pipeline::test_render_earlier_child_escape_paints_after_later_normal_sibling ... ok
test tree::render::tests::pipeline::test_render_emits_translate_for_move ... ok
test tree::render::tests::pipeline::test_render_emits_alpha_layer ... ok
test tree::render::tests::pipeline::test_render_emits_scale_for_scale ... ok
test tree::render::tests::pipeline::test_render_front_nearby_escapes_ancestor_host_clip ... ok
test tree::render::tests::pipeline::test_render_in_front_explicit_size_can_overflow_slot_with_alignment ... ok
test tree::render::tests::pipeline::test_render_in_front_fill_uses_parent_border_box_slot ... ok
test tree::render::tests::pipeline::test_render_in_front_ignores_host_clip ... ok
test tree::render::tests::pipeline::test_render_keeps_transformed_child_that_reaches_inherited_clip ... ok
test tree::render::tests::pipeline::test_render_keeps_shadow_overflow_that_reaches_inherited_clip ... ok
test tree::render::tests::pipeline::test_render_nearby_behind_and_in_front_order ... ok
test tree::render::tests::pipeline::test_render_nested_escape_submenu_paints_after_parent_menu ... ok
test tree::render::tests::pipeline::test_render_later_sibling_escape_beats_earlier_sibling_escape ... ok
test tree::render::tests::pipeline::test_render_nearby_above_below_order_after_parent ... ok
test tree::render::tests::pipeline::test_render_nested_wrapper_children_use_host_clips ... ok
test tree::render::tests::pipeline::test_render_on_right_fill_height_uses_parent_slot ... ok
test tree::render::tests::pipeline::test_render_rotated_root_paints_in_front_nearby_from_logical_render_frame ... ok
test tree::render::tests::pipeline::test_render_rotated_slider_paints_track_and_thumb_near_range_edges ... ok
test tree::render::tests::pipeline::test_render_scroll_host_clip_uses_current_frame_geometry ... ok
test tree::render::tests::pipeline::test_render_same_host_escape_nearby_uses_definition_order_across_slots ... ok
test tree::render::tests::pipeline::test_render_skips_child_fully_outside_inherited_clip ... ok
test tree::render::tests::pipeline::test_render_rounded_parent_clips_child_background_corners ... ok
test tree::render::tests::pipeline::test_render_transformed_children_stay_inside_parent_host_clip ... ok
test tree::render::tests::pipeline::test_render_skips_transform_when_default ... ok
test tree::render::tests::pipeline::test_render_transforms_do_not_change_escape_z_order ... ok
test tree::render::tests::pipeline::test_render_translated_full_width_row_moves_host_frame_and_children_together ... ok
test tree::render::tests::pipeline::test_render_uses_only_background_self_clip_when_nothing_else_is_clipped ... ok
test tree::render::tests::pipeline::test_render_rotated_root_keeps_nested_fill_column_content_visible ... ok
test tree::render::tests::pipeline::test_scrollable_shadowed_child_uses_one_composition_translation ... ok
test tree::render::tests::pipeline::test_scroll_viewport_culling_skips_offscreen_child_roots_before_render_visit ... ok
test tree::render::tests::pipeline::test_svg_slider_thumb_paints_above_scroll_moving_track_layers ... ok
test tree::render::tests::pipeline::test_scroll_moving_focused_slider_glow_escapes_non_scroll_ancestor_clip ... ok
test tree::render::tests::pipeline::test_tree_alpha_scope_does_not_affect_following_sibling_pixels ... ok
test tree::render::tests::pipeline::test_tree_clip_scope_does_not_clip_following_sibling_pixels ... ok
test tree::render::tests::pipeline::test_todo_create_placeholder_behind_text_input_survives_cached_layer_composition ... ok
test tree::render::tests::pipeline::test_tree_transform_scope_does_not_affect_following_sibling_pixels ... ok
test tree::render::tests::pipeline::test_zero_offset_outer_glow_paints_all_sides ... ok
test tree::render::tests::text::test_nearby_text_inherits_parent_font_context ... ok
test tree::render::tests::paint::test_demo_like_nested_glow_cards_bleed_into_scroll_panel_padding_and_trailing_space ... ok
test tree::render::tests::pipeline::test_slider_thumb_outer_glow_bleeds_past_slider_frame ... ok
test tree::scene::tests::child_context_accumulates_ancestor_and_local_scroll_for_grandchildren ... ok
test tree::scene::tests::child_context_always_applies_host_clip_for_behind_content ... ok
test tree::scene::tests::child_context_always_applies_host_clip_for_children ... ok
test tree::scene::tests::overlay_child_context_marks_only_overlay_root_as_front_nearby_root ... ok
test tree::scene::tests::resolve_node_state_keeps_scrolled_inherited_clip_in_screen_space ... ok
test tree::render::tests::text::test_render_multiline_text_input_places_caret_on_wrapped_second_line ... ok
test tree::scene::tests::resolve_node_state_uses_current_frame_geometry ... ok
test tree::scrollbar::tests::test_horizontal_metrics_default_and_hover_thickness ... ok
test tree::scrollbar::tests::test_min_thumb_length_applies ... ok
test tree::scrollbar::tests::test_scroll_offset_is_clamped_for_thumb_position ... ok
test tree::scrollbar::tests::test_vertical_metrics_default_and_hover_thickness ... ok
test tree::transform::tests::affine_inverse_round_trips_points ... ok
test tree::transform::tests::interaction_transform_keeps_center_fixed_under_rotation_and_scale ... ok
test video::tests::canonical_abgr8888_and_nv12_owned_frames_validate_for_target ... ok
test video::tests::canonical_import_identity_uses_pending_stream_and_rejects_legacy_frames ... ok
test video::tests::canonical_submission_disposition_drops_only_inactive_targets ... ok
test video::tests::canonical_validation_accepts_explicit_sync_and_rejects_partial_visible_rect ... ok
test tree::render::tests::text::test_render_text_defaults_to_black ... ok
test video::tests::canonical_xrgb8888_requires_one_object_and_complete_packed_span ... ok
test tree::render::tests::text::test_render_scrollable_text_column_emits_text_commands ... ok
test video::tests::complete_stream_format_is_immutable_in_native_active_stream_state ... ok
test video::tests::closed_stream_no_longer_matches_final_rendered_claim ... ok
test video::tests::core_egl_sync_checks_current_gl_api_capability ... ok
test video::tests::deactivating_target_drains_its_pending_frame ... ok
test video::tests::deprecated_raw_submit_rejects_an_active_canonical_stream ... ok
test video::tests::direct_opengl_stream_accepts_explicit_non_linear_modifier ... ok
test video::tests::disabling_prime_video_atomically_drains_a_pending_frame ... ok
test video::tests::disconnected_release_channel_drops_frame_once_on_persistent_cleanup_worker ... ok
test video::tests::drain_pending_to_release_is_noop_when_registry_has_no_pending_frames ... ok
test video::tests::dma_buf_sync_request_matches_the_libc_ioctl_abi ... ok
test video::tests::es2_disables_core_vao_and_sync_even_with_loaded_entry_points ... ok
test video::tests::drain_pending_to_release_moves_pending_frames_to_release_queue ... ok
test video::tests::explicit_dma_buf_modifiers_require_the_modifier_extension ... ok
test video::tests::exact_target_identity_rejects_stale_submit_and_removal ... ok
test video::tests::gles_version_and_extension_parsing_are_conservative ... ok
test video::tests::headless_abgr8888_descriptor_layout_is_valid ... ok
test video::tests::legacy_raw_prime_is_deferred_and_rejected_when_vulkan_requirements_are_active ... ok
test video::tests::inactive_target_drops_frames_without_queueing_them ... ok
test video::tests::luma_diagnostic_requires_cpu_acquire_completion ... ok
test video::tests::prime_descriptor_layout_rejects_missing_or_invalid_planes ... ok
test video::tests::prime_target_accepts_headless_abgr8888_output ... ok
test video::tests::prime_target_rejects_unknown_drm_format ... ok
test video::tests::recreated_target_gets_a_new_incarnation ... ok
test video::tests::registries_have_distinct_renderer_epochs ... ok
test video::tests::registry_close_rejects_targets_and_streams ... ok
test video::tests::registry_records_latest_frame_replacement_and_release_lifetimes ... ok
test video::tests::renderer_stream_requirements_reject_weaker_vulkan_contracts ... ok
test video::tests::retired_import_wait_failed_requires_gl_finish_fallback ... ok
test video::tests::stream_acquire_sync_policy_rejects_mismatches_before_claim ... ok
test video::tests::stream_close_is_idempotent_and_retires_pending_frame ... ok
test video::tests::stream_modifier_policy_accepts_per_buffer_and_exact_nonzero_contracts ... ok
test video::tests::submit_prime_releases_rejected_frame_to_release_queue ... ok
test video::tests::target_created_after_visible_scene_starts_active ... ok
test video::tests::unavailable_prime_submission_releases_the_frame ... ok
test video::tests::unavailable_prime_target_creation_is_rejected ... ok
test video::tests::unimported_prime_frame_closes_owned_acquire_fence ... ok
test tree::render::tests::text::test_render_text_input_preedit_underlines_segment_and_reports_composition_caret ... ok
test tree::render::tests::text::test_render_text_input_selection_emits_highlight_rect ... ok
test tree::render::tests::text::test_render_text_insets_by_padding_and_border ... ok
test video::tests::availability_loss_racing_submission_never_strands_a_frame ... ok
test tree::render::tests::text::test_render_text_leaf_uses_host_clip ... ok
test tree::render::tests::text::test_render_text_with_spacing_emits_per_glyph_commands ... ok
test tree::render::tests::text::test_render_left_aligned_text_offsets_left_overhang ... ok
test tree::render::tests::text::test_render_text_with_underline_and_strike_emits_decoration_rects ... ok
test tree::render::tests::paragraph::inline_decoration_matrix_reuses_complete_shared_box_paint ... ok
test tree::animation::lengths::tests::transport::complex_ghost_transport_and_remount_survive_interrupted_terminal_cleanup ... ok
test tree::animation::lengths::tests::continuation::ongoing_feedback_retries_preserve_published_sources_and_the_original_clock ... ok
test tree::animation::lengths::tests::rendered::coupled_peer_release_matches_pixels_and_hits_for_every_owner ... ok
test tree::animation::lengths::tests::transport::rebased_inline_decorations_survive_dimension_transport_alignment_and_ghost_cleanup ... ok
test tree::animation::lengths::tests::transport::transport_replays_joint_asset_runtime_scroll_viewport_and_scale_inputs ... ok
test tree::animation::lengths::tests::transport::multi_edit_orphan_root_wrappers_preserve_first_sources_across_clock_boundaries ... ok
test tree::animation::lengths::tests::continuously_resized_pixel_parent_preserves_the_original_curve_anchor ... ok
test tree::animation::lengths::tests::transport::native_transport_maps_roles_and_units_without_lowering_own_channels ... ok
test tree::animation::lengths::tests::finite_sibling_runtime_holds_and_atomically_releases_both_axes_at_all_schedules ... ok
test tree::animation::lengths::tests::continuation::independent_boundary_panels_follow_curves_at_each_scale_and_query_order ... ok
test tree::animation::lengths::tests::continuation::coupled_release_failures_and_corrupt_forecasts_do_not_publish_or_restart ... ok
test tree::animation::lengths::tests::rendered::mixed_parent_reset_releases_all_owners_with_matching_pixels_and_hits ... ok
test backend::headless::tests::animation::recovery::interaction_and_remount_during_failed_output_recover_only_latest_native_pixels ... ok
test tree::animation::lengths::tests::continuation::coupled_mixed_deadlines_use_frozen_loop_presentations_and_native_release ... ok
test tree::animation::lengths::tests::continuation::finite_release_follows_mixed_parent_segment_and_repeat_boundaries ... ok
test tree::animation::lengths::tests::rendered::all_supported_length_pairs_and_owners_paint_real_geometry_and_replay_retained_scenes ... ok
test tree::animation::lengths::tests::continuation::mixed_ancestor_footprints_follow_curves_and_all_frame_rates_at_each_scale ... ok
test tree::animation::lengths::tests::continuation::later_pixel_segments_follow_all_curves_rates_and_scales ... ok
test tree::animation::lengths::tests::continuation::noncanonical_self_and_cross_axis_repeats_interruptions_and_failures_preserve_admission_clocks ... ok
test tree::animation::lengths::tests::continuation::continuous_feedback_follows_native_targets_on_original_curves_across_schedules ... ok

test result: ok. 1450 passed; 0 failed; 0 ignored; 0 measured; 0 filtered out; finished in 44.35s

     Running tests/benchmark_fixtures.rs (/workspace/emerge-animation/native/emerge_skia/target/debug/deps/benchmark_fixtures-90a31c0b32ca0000)

running 1 test
test benchmark_fixtures_decode ... ok

test result: ok. 1 passed; 0 failed; 0 ignored; 0 measured; 0 filtered out; finished in 0.09s

     Running tests/borders_cache_benchmark.rs (/workspace/emerge-animation/native/emerge_skia/target/debug/deps/borders_cache_benchmark-810198a8489a881c)

running 13 tests
test bypasses_without_real_hits_are_not_steady_cache_coverage - should panic ... ok
test changing_static_content_fails_coverage - should panic ... ok
test blank_static_background_does_not_count_as_a_recipe - should panic ... ok
test frozen_or_offscreen_animation_fails_coverage - should panic ... ok
test default_budget_waits_for_a_complete_steady_cycle_not_two_warmup_frames ... ok
test intermittent_churn_cannot_hide_at_the_animation_cycle_boundary - should panic ... ok
test steady_checks_preserve_strict_limits_and_reject_failure_counters ... ok
test one_frozen_card_is_not_hidden_by_the_other_regions - should panic ... ok
test visible_animation_with_static_painted_detail_passes ... ok
test warmup_bound_scales_with_small_payload_budgets ... ok
test zero_budget_fails_instead_of_dividing_by_zero_or_waiting_forever - should panic ... ok
test viewport_tracks_animated_geometry_and_keeps_a_static_recipe_visible ... ok
test selected_fixture_has_real_animated_pixels_and_static_detail ... ok

test result: ok. 13 passed; 0 failed; 0 ignored; 0 measured; 0 filtered out; finished in 0.22s

   Doc-tests emerge_skia

running 0 tests

test result: ok. 0 passed; 0 failed; 0 ignored; 0 measured; 0 filtered out; finished in 0.00s

